Carrier,avgDepartureDelay,Origin
F9,-2.283186,RNO
AQ,-0.179039,RNO
CO,3.635844,RNO
XE,4.236250,RNO
YV,4.712876,RNO
HP,4.929141,RNO
NW,5.147997,RNO
TW,5.393688,RNO
US,5.701713,RNO
EA,6.680124,RNO
RU,-0.094574,TPA
F9,3.745684,TPA
NW,4.529693,TPA
PA,4.735126,TPA
XE,4.963830,TPA
AL,5.234397,TPA
EV,5.605637,TPA
MQ,5.691883,TPA
AA,6.050002,TPA
DL,6.248486,TPA
RU,-0.764885,AUS
AL,-0.407063,AUS
NW,1.049632,AUS
PA,1.296101,AUS
F9,1.957359,AUS
US,2.478025,AUS
DH,2.863081,AUS
TW,3.491603,AUS
XE,3.543193,AUS
HP,4.242560,AUS
9E,-3.000000,MIA
EV,1.202643,MIA
RU,1.283429,MIA
TZ,1.782244,MIA
XE,2.745645,MIA
PA,4.026508,MIA
NW,4.423478,MIA
US,5.990862,MIA
UA,6.808275,MIA
ML,7.512146,MIA
OO,-2.066667,FLL
RU,1.857143,FLL
TZ,2.220050,FLL
EV,2.332692,FLL
F9,4.974227,FLL
ML,5.674227,FLL
PA,5.710484,FLL
NW,6.469675,FLL
TW,7.373307,FLL
AL,7.400247,FLL
HA,-2.949123,KOA
DL,-1.471591,KOA
US,-0.365291,KOA
NW,-0.178458,KOA
YV,1.555441,KOA
AQ,2.114314,KOA
TW,3.933884,KOA
UA,6.115410,KOA
AA,11.674119,KOA
TZ,14.652174,KOA
AQ,-1.904199,SMF
YV,-0.057353,SMF
PS,2.418936,SMF
F9,2.539672,SMF
AL,3.452823,SMF
AA,3.924644,SMF
CO,3.987926,SMF
US,4.179015,SMF
NW,4.435203,SMF
HP,4.511495,SMF
TZ,0.302563,MSP
AS,2.000000,MSP
ML,3.762618,MSP
US,4.418075,MSP
EA,4.673438,MSP
TW,4.727389,MSP
CO,5.788122,MSP
AL,5.941919,MSP
F9,5.980165,MSP
DL,6.079982,MSP
F9,1.345609,CAK
NW,2.542857,CAK
US,2.604267,CAK
AA,3.416307,CAK
CO,3.875214,CAK
9E,4.991516,CAK
UA,5.275572,CAK
PI,5.632762,CAK
EA,5.965840,CAK
DL,6.889151,CAK
AA,0.937058,PNS
RU,2.646800,PNS
US,3.097965,PNS
OO,3.421429,PNS
CO,3.499204,PNS
YV,3.848094,PNS
9E,5.115266,PNS
EA,5.723665,PNS
OH,6.180027,PNS
DL,6.213913,PNS
TZ,-0.381997,SRQ
RU,-0.107266,SRQ
AA,3.292173,SRQ
YV,3.404022,SRQ
UA,3.830520,SRQ
US,3.945950,SRQ
TW,4.206478,SRQ
NW,4.665950,SRQ
DL,4.833183,SRQ
XE,5.109375,SRQ
PA,-2.847458,BDL
F9,-0.162162,BDL
CO,2.903887,BDL
NW,3.470059,BDL
RU,3.963187,BDL
PI,4.307118,BDL
AA,4.830543,BDL
TW,4.909853,BDL
DL,5.163657,BDL
DH,6.287416,BDL
F9,-3.000000,CLT
TZ,0.093364,CLT
OO,2.767568,CLT
AA,3.167948,CLT
TW,4.049264,CLT
EA,5.443047,CLT
AL,5.766582,CLT
NW,5.773581,CLT
PA,6.051603,CLT
9E,6.381183,CLT
YV,-0.120000,BIL
NW,0.351792,BIL
OH,1.300567,BIL
OO,2.937524,BIL
XE,4.418182,BIL
DL,4.493201,BIL
EV,4.705100,BIL
CO,4.875806,BIL
UA,5.769589,BIL
9E,13.897436,BIL
RU,-0.147803,MCO
TZ,2.531662,MCO
F9,3.763880,MCO
XE,4.520681,MCO
PA,4.961310,MCO
EV,5.010403,MCO
AL,5.056518,MCO
NW,5.378844,MCO
MQ,6.680821,MCO
ML,6.812661,MCO
AA,1.629116,MLI
NW,2.302922,MLI
OH,3.127358,MLI
TW,3.365691,MLI
HP,5.351485,MLI
UA,5.682864,MLI
9E,5.986117,MLI
FL,7.388639,MLI
MQ,8.691744,MLI
OO,10.722559,MLI
YV,-2.384615,CHA
RU,0.344168,CHA
AA,0.660582,CHA
NW,1.038462,CHA
US,1.284485,CHA
9E,2.313609,CHA
OH,3.137914,CHA
XE,3.905452,CHA
DH,5.496082,CHA
DL,5.651682,CHA
RU,-4.433750,MDT
XE,-3.009901,MDT
NW,0.483486,MDT
US,2.579828,MDT
TW,3.504285,MDT
AA,5.430889,MDT
DL,5.793002,MDT
AL,7.115618,MDT
DH,7.413896,MDT
OH,7.749963,MDT
EV,-0.666667,RSW
RU,1.110353,RSW
TZ,1.913583,RSW
AL,2.600388,RSW
MQ,2.787476,RSW
F9,3.220472,RSW
TW,3.883258,RSW
XE,4.324324,RSW
PI,4.460664,RSW
US,5.225425,RSW
NW,1.202591,MOB
YV,1.620513,MOB
AA,1.662626,MOB
RU,2.469273,MOB
US,3.164657,MOB
CO,3.301406,MOB
9E,3.942336,MOB
OO,3.981308,MOB
XE,4.718706,MOB
EA,5.435288,MOB
RU,-4.121827,HDN
YV,3.907335,HDN
XE,4.962687,HDN
UA,5.230369,HDN
CO,6.225837,HDN
HP,6.357143,HDN
EV,7.263158,HDN
OO,7.624700,HDN
DL,9.184339,HDN
NW,9.297993,HDN
RU,0.925110,ISP
CO,3.191781,ISP
AA,3.553333,ISP
US,4.389933,ISP
PI,4.514851,ISP
DL,5.366023,ISP
MQ,6.535585,ISP
AL,7.348446,ISP
WN,7.490454,ISP
OH,8.522936,ISP
TZ,-11.000000,ABQ
YV,-0.698113,ABQ
F9,0.165973,ABQ
RU,2.401333,ABQ
CO,2.653088,ABQ
PS,3.768382,ABQ
US,4.019588,ABQ
AL,4.096948,ABQ
TW,4.364708,ABQ
XE,4.622786,ABQ
HA,-1.449582,OGG
CO,0.788807,OGG
YV,0.790941,OGG
AQ,2.239614,OGG
HP,2.400000,OGG
NW,3.652956,OGG
US,3.991453,OGG
TZ,4.774129,OGG
AA,4.930260,OGG
DL,5.848599,OGG
MQ,1.250000,BOI
F9,2.290488,BOI
US,2.799774,BOI
RU,3.375979,BOI
DL,3.573369,BOI
CO,3.882273,BOI
YV,4.092105,BOI
HP,4.367043,BOI
NW,4.664840,BOI
AS,5.958938,BOI
RU,-4.184812,ABE
XE,-3.260463,ABE
NW,1.822679,ABE
TW,2.002008,ABE
US,2.652584,ABE
AL,3.628765,ABE
AA,4.630407,ABE
PI,5.016529,ABE
DH,5.356243,ABE
OH,6.530230,ABE
F9,1.648235,GEG
US,2.317801,GEG
OO,3.104965,GEG
NW,3.378645,GEG
DL,3.566242,GEG
XE,3.835041,GEG
HP,4.758198,GEG
YV,5.443878,GEG
CO,5.479811,GEG
WN,6.361486,GEG
F9,-1.416667,FAT
XE,0.655919,FAT
MQ,1.590430,FAT
AL,1.822647,FAT
PS,1.885986,FAT
US,2.600878,FAT
HP,3.494353,FAT
YV,3.982361,FAT
AA,4.548369,FAT
DL,5.936550,FAT
TZ,3.935139,SFO
MQ,4.782694,SFO
F9,5.155881,SFO
PA,5.283914,SFO
NW,5.717464,SFO
PS,6.256748,SFO
DL,6.512432,SFO
CO,7.047374,SFO
US,7.347666,SFO
TW,7.763071,SFO
PA,1.113278,SAT
NW,1.134766,SAT
RU,1.547161,SAT
F9,2.033635,SAT
TW,2.457942,SAT
US,3.157888,SAT
YV,3.229147,SAT
AL,4.047660,SAT
HP,4.505918,SAT
MQ,4.599013,SAT
9E,-0.875000,MSY
RU,1.958616,MSY
NW,2.009625,MSY
HP,2.805256,MSY
PI,3.643137,MSY
F9,4.464286,MSY
XE,5.109939,MSY
US,5.673828,MSY
DL,5.786796,MSY
AA,5.788071,MSY
TZ,0.195820,SJC
YV,0.260234,SJC
F9,1.939320,SJC
PS,2.063655,SJC
XE,2.745661,SJC
OO,2.755251,SJC
NW,2.799595,SJC
EV,2.846983,SJC
US,2.856037,SJC
CO,3.137262,SJC
RU,-1.408184,HPN
XE,2.907353,HPN
NW,4.194034,HPN
US,5.379389,HPN
AA,7.012945,HPN
UA,7.771810,HPN
FL,8.154440,HPN
B6,8.407792,HPN
OH,9.168361,HPN
DH,10.845647,HPN
RU,1.948387,LAX
MQ,2.399937,LAX
OO,4.214064,LAX
FL,4.687786,LAX
TZ,4.758884,LAX
PS,4.805362,LAX
NW,5.092928,LAX
F9,5.721228,LAX
HA,5.817645,LAX
YV,6.036279,LAX
FL,-0.280467,TLH
9E,3.768103,TLH
US,3.785864,TLH
PI,5.262913,TLH
MQ,5.447084,TLH
EA,5.513328,TLH
OO,5.948255,TLH
DL,6.626661,TLH
YV,6.631922,TLH
RU,6.748340,TLH
RU,-1.396031,DEN
TZ,2.107857,DEN
FL,5.209927,DEN
US,5.437858,DEN
HP,5.533560,DEN
NW,5.700036,DEN
DL,6.823001,DEN
AA,6.964889,DEN
AS,7.143766,DEN
OH,7.174815,DEN
NW,3.572769,ALB
AA,3.638359,ALB
YV,4.904692,ALB
US,5.187693,ALB
PI,5.565640,ALB
OH,5.821792,ALB
AL,6.009670,ALB
EA,6.464481,ALB
DH,7.424031,ALB
RU,7.610848,ALB
AA,-1.068627,MYR
NW,1.074766,MYR
US,1.991625,MYR
AL,3.466077,MYR
OH,6.264503,MYR
PI,6.278022,MYR
RU,7.336887,MYR
DL,7.531516,MYR
YV,9.676771,MYR
9E,9.799257,MYR
PI,0.134956,BTV
NW,4.020057,BTV
FL,4.759124,BTV
US,5.675936,BTV
AL,5.842042,BTV
DH,7.571892,BTV
CO,7.627922,BTV
9E,7.736777,BTV
OH,8.760055,BTV
UA,9.005871,BTV
MQ,0.403175,STT
PA,1.765428,STT
AA,4.822949,STT
UA,6.254931,STT
CO,6.746908,STT
ML,6.787736,STT
US,7.098978,STT
DL,10.130554,STT
EA,12.640052,STT
NW,31.454545,STT
RU,-1.887595,PSP
TW,1.295338,PSP
XE,2.737069,PSP
MQ,2.759947,PSP
HP,3.019121,PSP
CO,3.568966,PSP
NW,3.742220,PSP
YV,4.543955,PSP
DL,4.642674,PSP
OO,6.478243,PSP
NW,0.955785,FWA
US,1.978860,FWA
OH,2.381613,FWA
PI,2.693611,FWA
AA,4.472877,FWA
DL,4.923486,FWA
MQ,6.815330,FWA
DH,7.353182,FWA
OO,12.251695,FWA
EV,13.768344,FWA
TW,3.634455,JAX
AA,4.557090,JAX
EA,5.450951,JAX
F9,5.612121,JAX
US,6.006421,JAX
NW,6.186760,JAX
RU,6.333221,JAX
PI,6.587376,JAX
9E,6.652821,JAX
DL,6.758688,JAX
NW,-0.705341,ICT
RU,0.300968,ICT
YV,0.815446,ICT
AL,2.031039,ICT
TW,3.498724,ICT
AA,3.722380,ICT
CO,3.791060,ICT
XE,4.362205,ICT
DL,4.372067,ICT
US,5.009539,ICT
9E,1.256944,MHT
NW,3.049343,MHT
CO,3.894258,MHT
DL,4.275195,MHT
US,5.376930,MHT
RU,5.959418,MHT
DH,6.377049,MHT
OH,8.599252,MHT
AL,8.745556,MHT
UA,8.763777,MHT
CO,4.667377,PHL
RU,4.699566,PHL
NW,5.367983,PHL
TZ,5.569194,PHL
ML,6.564054,PHL
F9,6.646036,PHL
PA,6.704171,PHL
AA,6.775277,PHL
XE,6.791059,PHL
PI,7.162134,PHL
F9,-2.645390,PBI
RU,0.911322,PBI
XE,2.269441,PBI
NW,5.213458,PBI
ML,5.410940,PBI
AL,5.616306,PBI
AA,6.169027,PBI
US,6.405870,PBI
WN,6.532506,PBI
PI,6.927373,PBI
F9,-4.062500,TUL
NW,-0.500702,TUL
EA,2.362963,TUL
TW,3.333282,TUL
CO,3.486941,TUL
OH,5.073109,TUL
UA,5.437958,TUL
DL,5.438154,TUL
AA,5.537407,TUL
XE,5.661185,TUL
NW,0.441907,BHM
US,2.981519,BHM
AL,3.153846,BHM
CO,3.370982,BHM
AA,3.451829,BHM
PI,3.797758,BHM
EA,4.584800,BHM
RU,5.255314,BHM
UA,6.038708,BHM
9E,6.323182,BHM
CO,2.558884,MEM
AL,3.050769,MEM
US,3.099081,MEM
F9,3.453674,MEM
PI,4.774705,MEM
AA,4.824154,MEM
TW,4.836421,MEM
NW,5.811017,MEM
OH,6.278347,MEM
9E,7.395501,MEM
YV,-1.882353,AVL
US,2.728626,AVL
DH,3.569482,AVL
OH,5.152626,AVL
PI,6.063841,AVL
DL,6.089806,AVL
9E,6.726857,AVL
RU,10.602197,AVL
EV,13.364362,AVL
XE,18.609087,AVL
NW,3.808266,ANC
HA,4.083333,ANC
DL,7.124819,ANC
TW,7.496412,ANC
UA,7.857567,ANC
AS,8.186210,ANC
CO,8.223301,ANC
HP,11.122429,ANC
US,14.128655,ANC
F9,16.230366,ANC
CO,0.328571,SHV
NW,1.150296,SHV
RU,2.362518,SHV
AA,3.080601,SHV
MQ,3.971374,SHV
TW,5.260810,SHV
XE,6.138710,SHV
DL,6.475129,SHV
9E,7.769531,SHV
OH,9.163922,SHV
PA,-2.018868,SJU
TZ,3.622161,SJU
FL,3.761834,SJU
DL,6.842845,SJU
B6,6.925703,SJU
AA,6.981610,SJU
MQ,7.007055,SJU
TW,7.197326,SJU
UA,7.407191,SJU
CO,7.845572,SJU
YV,0.231771,OMA
US,2.132057,OMA
F9,2.199339,OMA
NW,2.499623,OMA
EA,3.179811,OMA
CO,3.379811,OMA
AA,4.142515,OMA
ML,4.276442,OMA
DL,4.551834,OMA
TW,4.652417,OMA
F9,1.347105,DCA
TZ,2.540776,DCA
PA,2.915120,DCA
RU,3.387840,DCA
ML,3.841747,DCA
NW,4.063818,DCA
AS,4.577610,DCA
DL,4.816966,DCA
CO,5.165235,DCA
AA,5.352033,DCA
NW,2.173150,BUF
AA,3.949806,BUF
PI,5.109526,BUF
EA,6.117314,BUF
AL,6.236873,BUF
DH,6.441902,BUF
US,6.776053,BUF
OO,6.867945,BUF
9E,7.015504,BUF
FL,7.707653,BUF
DL,2.298936,BUR
AA,3.244025,BUR
YV,3.372595,BUR
PS,3.627185,BUR
HP,3.897715,BUR
CO,4.493704,BUR
US,4.830574,BUR
TW,5.184175,BUR
AS,6.671850,BUR
WN,6.808224,BUR
NW,2.083229,LAN
US,2.479054,LAN
OH,2.955072,LAN
PI,4.320120,LAN
CO,4.372289,LAN
9E,6.098983,LAN
DH,6.834924,LAN
OO,12.077818,LAN
EV,13.498144,LAN
YV,23.595511,LAN
OH,0.113520,FSD
NW,2.151222,FSD
AA,2.739726,FSD
TW,4.572662,FSD
DL,5.955211,FSD
UA,6.747605,FSD
9E,6.861925,FSD
CO,9.776650,FSD
MQ,10.818994,FSD
OO,11.645129,FSD
HA,-16.666667,OAK
YV,1.036086,OAK
PS,2.101780,OAK
NW,2.221053,OAK
B6,3.766540,OAK
US,4.143296,OAK
HP,4.430073,OAK
AL,4.449830,OAK
CO,4.468212,OAK
OO,4.526872,OAK
RU,1.917834,BOS
TZ,3.065583,BOS
PA,4.441950,BOS
ML,5.686495,BOS
NW,7.141695,BOS
EV,7.264984,BOS
DL,7.412062,BOS
EA,8.094742,BOS
AL,8.431211,BOS
US,8.543361,BOS
RU,0.411826,COS
TW,2.569404,COS
CO,3.521111,COS
NW,4.145036,COS
AA,4.518190,COS
XE,4.757543,COS
DL,4.876060,COS
HP,4.975148,COS
UA,5.760485,COS
9E,6.769841,COS
9E,-0.141463,CRW
UA,-0.133333,CRW
RU,2.373150,CRW
OH,2.731701,CRW
DH,4.631907,CRW
US,5.170368,CRW
PI,5.742188,CRW
AL,6.889101,CRW
XE,7.139845,CRW
YV,8.560000,CRW
OO,2.689929,SEA
PS,4.692201,SEA
YV,5.122263,SEA
AL,6.016399,SEA
TZ,6.345004,SEA
US,6.403477,SEA
NW,6.466075,SEA
DL,6.499305,SEA
HA,6.684251,SEA
AA,6.866121,SEA
NW,0.510382,BTR
AA,2.938926,BTR
CO,3.831724,BTR
9E,4.505870,BTR
RU,6.043982,BTR
XE,6.976964,BTR
DL,8.024687,BTR
MQ,9.348460,BTR
OH,10.978070,BTR
F9,16.000000,BTR
NW,3.515589,IAH
PA,3.901583,IAH
PI,3.952167,IAH
RU,4.778435,IAH
AL,4.962449,IAH
US,5.031701,IAH
F9,5.549463,IAH
AA,5.616851,IAH
TW,6.027508,IAH
WN,6.213109,IAH
PI,5.378660,ATL
AL,5.454328,ATL
ML,5.537836,ATL
NW,5.640936,ATL
B6,5.990792,ATL
F9,6.286079,ATL
RU,7.906732,ATL
TW,8.185952,ATL
AA,8.328137,ATL
EA,8.370459,ATL
PA,0.571429,BNA
F9,3.245218,BNA
US,3.597971,BNA
TW,3.785169,BNA
NW,3.973449,BNA
EA,4.150409,BNA
PI,4.913105,BNA
AL,5.615996,BNA
AA,5.698790,BNA
RU,6.235415,BNA
CO,2.601877,ONT
YV,3.154281,ONT
HP,3.506971,ONT
AA,3.876657,ONT
TZ,4.093117,ONT
NW,4.228890,ONT
TW,4.514793,ONT
RU,4.746479,ONT
DL,5.038005,ONT
US,5.121250,ONT
AA,0.346578,CID
OH,0.832004,CID
NW,1.741677,CID
TW,3.079679,CID
CO,3.666667,CID
HP,4.682468,CID
UA,6.474357,CID
9E,6.977061,CID
MQ,7.065341,CID
DH,7.365788,CID
AA,1.154676,SGF
OH,2.995771,SGF
HP,3.085427,SGF
TW,3.483450,SGF
NW,4.138595,SGF
CO,4.559783,SGF
UA,5.974896,SGF
9E,8.063251,SGF
MQ,9.682902,SGF
DH,9.933638,SGF
FL,1.106529,PHX
OH,1.108696,PHX
MQ,2.670213,PHX
HA,2.978058,PHX
RU,3.032767,PHX
TZ,3.546495,PHX
EV,4.471926,PHX
OO,4.968891,PHX
CO,5.258548,PHX
DL,5.274708,PHX
NW,3.213618,RIC
AA,4.075280,RIC
DH,4.825364,RIC
EA,4.951166,RIC
OO,5.035714,RIC
US,5.200046,RIC
AL,5.308278,RIC
DL,5.659015,RIC
TW,6.823037,RIC
CO,6.913184,RIC
YV,-8.333333,CVG
NW,2.394621,CVG
AA,3.577293,CVG
US,4.141232,CVG
TW,4.446805,CVG
AL,5.194842,CVG
PI,6.993141,CVG
UA,7.236191,CVG
DL,7.614167,CVG
OH,7.810900,CVG
NW,1.261780,LEX
TW,2.088706,LEX
OH,3.779862,LEX
YV,4.142119,LEX
US,4.507411,LEX
AL,4.719407,LEX
PI,4.995125,LEX
9E,5.421705,LEX
DL,6.239107,LEX
RU,7.270212,LEX
NW,2.124422,PVD
CO,4.817193,PVD
AA,4.971208,PVD
US,5.067024,PVD
DL,5.648238,PVD
EA,6.032177,PVD
DH,6.861822,PVD
OH,7.178346,PVD
AL,7.224614,PVD
UA,7.992174,PVD
NW,1.408108,TYS
AA,2.082898,TYS
US,2.379930,TYS
AL,3.201026,TYS
PI,3.201624,TYS
OH,4.039543,TYS
TW,4.347363,TYS
DL,5.402447,TYS
DH,6.286934,TYS
RU,6.837791,TYS
NW,2.932573,XNA
DH,4.879781,XNA
OH,5.032900,XNA
CO,5.500000,XNA
RU,6.713896,XNA
9E,7.471845,XNA
OO,9.422541,XNA
AA,9.655977,XNA
MQ,11.316724,XNA
EV,12.696001,XNA
PA,1.991866,LGA
RU,3.201351,LGA
ML,5.366396,LGA
DL,6.660545,LGA
CO,7.169362,LGA
TW,7.294845,LGA
AL,7.634734,LGA
TZ,7.985206,LGA
AA,8.305602,LGA
US,8.442309,LGA
NW,1.111301,LIT
US,1.983408,LIT
AA,2.331550,LIT
YV,2.551913,LIT
UA,3.799414,LIT
RU,4.517483,LIT
TW,4.930969,LIT
OH,5.668073,LIT
DL,6.505520,LIT
CO,6.875000,LIT
AA,0.646230,GSP
NW,2.370250,GSP
AL,3.648368,GSP
US,4.166612,GSP
CO,4.737684,GSP
RU,5.116843,GSP
EA,5.460816,GSP
DL,5.483082,GSP
9E,5.844843,GSP
PI,6.036707,GSP
NW,1.529391,GSO
AL,2.901515,GSO
AA,3.699390,GSO
DH,3.770717,GSO
EA,4.895510,GSO
US,5.408692,GSO
9E,6.913559,GSO
CO,7.217965,GSO
MQ,7.356594,GSO
DL,7.520624,GSO
YV,0.237028,LGB
OO,1.170370,LGB
XE,1.766089,LGB
CO,3.263711,LGB
DL,3.333729,LGB
AA,3.391836,LGB
TW,3.403542,LGB
HP,3.852540,LGB
B6,4.823943,LGB
PS,4.949704,LGB
AL,1.788061,MKE
AA,2.789302,MKE
F9,3.322602,MKE
CO,3.537316,MKE
US,3.711805,MKE
9E,3.726776,MKE
NW,3.801726,MKE
DL,4.391789,MKE
UA,4.596478,MKE
TW,4.707338,MKE
AA,3.283511,LBB
EV,3.414686,LBB
HP,3.880825,LBB
DL,4.145255,LBB
RU,4.165980,LBB
XE,4.368580,LBB
CO,4.943600,LBB
WN,6.338039,LBB
MQ,7.480823,LBB
OO,120.000000,LBB
HP,3.696704,RDU
TW,3.805841,RDU
9E,4.643686,RDU
NW,4.702608,RDU
DL,4.918551,RDU
US,5.869191,RDU
RU,5.886583,RDU
DH,5.964228,RDU
AL,6.185223,RDU
AA,6.362802,RDU
DH,1.133583,MDW
RU,4.049457,MDW
TW,4.072877,MDW
NW,4.425932,MDW
F9,4.521622,MDW
US,5.317979,MDW
AL,5.676171,MDW
AA,6.161634,MDW
UA,6.439182,MDW
ML,6.808969,MDW
AA,2.057909,CAE
US,3.048892,CAE
EA,4.974266,CAE
PI,6.705334,CAE
9E,7.336385,CAE
MQ,7.489127,CAE
UA,7.548935,CAE
DL,8.271224,CAE
OH,8.346091,CAE
CO,9.641975,CAE
RU,3.460346,CLE
DL,3.849976,CLE
ML,3.949002,CLE
NW,4.143860,CLE
AA,4.144791,CLE
PI,5.160484,CLE
9E,5.236685,CLE
EA,5.570499,CLE
US,6.130941,CLE
CO,6.153586,CLE
AL,2.238794,STL
F9,2.484678,STL
NW,3.443364,STL
FL,4.482456,STL
PI,4.729489,STL
AA,4.766808,STL
US,5.405977,STL
ML,6.053473,STL
DL,6.349224,STL
OH,6.368278,STL
RU,-4.244898,HOU
NW,2.704566,HOU
PA,3.531915,HOU
CO,4.727599,HOU
UA,5.455935,HOU
DL,6.401207,HOU
TW,6.693543,HOU
OH,6.693750,HOU
AA,6.744753,HOU
OO,7.157635,HOU
OO,-1.196129,FNT
CO,0.568063,FNT
NW,2.473813,FNT
US,2.900327,FNT
DH,4.806122,FNT
OH,5.758921,FNT
FL,7.062439,FNT
9E,7.088109,FNT
PI,7.493207,FNT
MQ,12.428649,FNT
PA,-0.743769,IND
NW,2.798015,IND
RU,3.740077,IND
F9,4.081384,IND
AA,4.504028,IND
DL,4.947989,IND
EA,4.978044,IND
FL,5.050217,IND
TZ,5.106634,IND
TW,6.061648,IND
RU,5.042491,JFK
UA,5.947758,JFK
CO,8.153460,JFK
DH,8.750582,JFK
AA,10.015315,JFK
B6,11.112481,JFK
PA,11.293249,JFK
NW,11.554645,JFK
DL,11.903327,JFK
AL,12.378926,JFK
US,1.696669,ELP
RU,2.247370,ELP
OO,2.297129,ELP
UA,2.465795,ELP
CO,2.638938,ELP
EV,2.698101,ELP
YV,4.216352,ELP
XE,4.260250,ELP
DL,4.447933,ELP
HP,4.470176,ELP
CO,1.207127,GPT
NW,1.968609,GPT
RU,3.400658,GPT
9E,4.578606,GPT
XE,6.905184,GPT
FL,8.062580,GPT
DL,9.149123,GPT
OH,12.176471,GPT
EV,12.184441,GPT
MQ,13.796516,GPT
TZ,1.119504,PIT
NW,2.816965,PIT
DL,4.135708,PIT
AA,4.322123,PIT
HP,4.543069,PIT
DH,5.146080,PIT
TW,5.148514,PIT
PI,5.984105,PIT
EA,6.105703,PIT
FL,6.115810,PIT
US,3.176098,AVP
DL,3.418645,AVP
AL,3.658287,AVP
EA,4.359073,AVP
OH,5.506215,AVP
9E,9.010317,AVP
DH,12.675507,AVP
OO,13.832143,AVP
EV,16.016030,AVP
YV,29.364170,AVP
AQ,1.308426,LAS
PS,3.353436,LAS
XE,3.378510,LAS
TZ,3.445901,LAS
HA,4.736703,LAS
NW,5.266847,LAS
FL,5.417624,LAS
F9,5.455775,LAS
DL,5.825508,LAS
AL,6.024120,LAS
US,1.016724,MSN
OH,1.493043,MSN
NW,2.375988,MSN
AA,3.106383,MSN
TW,3.901664,MSN
DH,5.494685,MSN
UA,5.853217,MSN
RU,6.747801,MSN
9E,6.963831,MSN
OO,10.164528,MSN
AA,3.454508,CMH
DH,3.495350,CMH
NW,3.989499,CMH
ML,4.369852,CMH
DL,4.670345,CMH
PI,5.185142,CMH
EA,5.315813,CMH
US,5.838905,CMH
AL,5.952381,CMH
RU,6.102676,CMH
NW,2.645568,SNA
CO,2.764633,SNA
F9,2.895968,SNA
TW,3.854902,SNA
MQ,4.650397,SNA
AQ,4.693370,SNA
US,4.869853,SNA
OO,4.937021,SNA
PS,4.945219,SNA
AS,4.949747,SNA
NW,2.152645,SLC
RU,2.154856,SLC
PA,2.998405,SLC
YV,3.441860,SLC
B6,3.827349,SLC
HP,4.906202,SLC
OH,5.038311,SLC
OO,5.111598,SLC
US,5.201250,SLC
F9,5.426560,SLC
MQ,0.357690,SAN
PA,1.261323,SAN
AQ,2.979167,SAN
OO,3.144640,SAN
DH,3.583756,SAN
NW,3.790077,SAN
CO,4.152119,SAN
PS,4.299650,SAN
YV,4.506152,SAN
FL,4.936391,SAN
OO,1.869374,PDX
HA,3.425169,PDX
NW,3.977258,PDX
EA,4.904497,PDX
F9,5.000000,PDX
XE,5.234234,PDX
AA,5.260768,PDX
CO,5.278362,PDX
TW,5.417522,PDX
YV,5.696429,PDX
PA,3.300911,DTW
F9,3.675099,DTW
DH,4.907080,DTW
US,5.030136,DTW
ML,5.041667,DTW
AA,5.383448,DTW
AL,5.907029,DTW
FL,5.998286,DTW
DL,6.849403,DTW
PI,7.455131,DTW
NW,0.538997,JAN
AA,2.222863,JAN
OH,3.040896,JAN
RU,3.801111,JAN
UA,3.826784,JAN
OO,4.975845,JAN
TW,5.875241,JAN
9E,5.887980,JAN
DL,7.166718,JAN
MQ,7.405040,JAN
ML,1.403101,SDF
NW,3.413890,SDF
TW,3.952612,SDF
AA,4.179325,SDF
AL,4.589233,SDF
F9,4.669492,SDF
US,4.701790,SDF
9E,5.095967,SDF
DH,5.193237,SDF
EA,5.267246,SDF
AA,3.146881,SWF
US,4.102843,SWF
FL,4.292095,SWF
DH,5.006501,SWF
B6,5.033820,SWF
DL,5.190690,SWF
OH,6.032699,SWF
MQ,8.747065,SWF
9E,10.851678,SWF
EV,18.632178,SWF
AA,1.289522,DAB
OO,1.300813,DAB
US,4.444829,DAB
PI,4.552018,DAB
EA,4.766142,DAB
FL,5.667707,DAB
DL,5.777938,DAB
YV,11.433679,DAB
CO,11.903106,DAB
OH,14.674740,DAB
F9,1.180249,DAY
NW,2.320522,DAY
RU,3.765538,DAY
OH,4.022369,DAY
TW,4.106892,DAY
YV,4.277778,DAY
DL,4.498108,DAY
DH,4.515945,DAY
AA,4.696927,DAY
AL,5.736908,DAY
OH,2.306296,GRR
TW,2.636861,GRR
NW,3.232601,GRR
US,4.096070,GRR
DL,4.262092,GRR
AL,4.730193,GRR
AA,4.880522,GRR
OO,6.082423,GRR
RU,6.311457,GRR
UA,7.676540,GRR
NW,0.301993,HSV
US,1.856153,HSV
AA,1.930050,HSV
DH,2.382738,HSV
UA,3.403014,HSV
XE,3.888530,HSV
EA,3.898779,HSV
OO,4.898594,HSV
OH,4.924768,HSV
9E,5.815266,HSV
DH,2.423212,BGR
DL,4.045311,BGR
UA,4.454053,BGR
CO,6.195266,BGR
OH,6.218761,BGR
US,6.728019,BGR
9E,9.026694,BGR
MQ,9.517295,BGR
RU,19.286154,BGR
EV,25.387461,BGR
US,1.650729,DSM
NW,2.205696,DSM
RU,2.796833,DSM
TW,3.170321,DSM
ML,3.559160,DSM
HP,3.609084,DSM
OH,3.676524,DSM
AA,4.154786,DSM
XE,4.353737,DSM
DH,5.532934,DSM
RU,-1.379310,SBN
HP,0.000000,SBN
NW,1.900091,SBN
DL,2.785172,SBN
US,3.068271,SBN
OH,5.588138,SBN
PI,6.784383,SBN
DH,6.929161,SBN
OO,13.276995,SBN
EV,15.214154,SBN
PA,2.007229,MCI
NW,2.153070,MCI
F9,2.755879,MCI
AL,2.769959,MCI
ML,4.073018,MCI
RU,4.633489,MCI
CO,5.500256,MCI
TW,5.654625,MCI
US,5.674607,MCI
DL,6.023236,MCI
TW,1.998110,PWM
DL,3.756418,PWM
FL,3.784337,PWM
NW,5.861823,PWM
US,6.680200,PWM
OO,6.966667,PWM
UA,7.742651,PWM
CO,7.969110,PWM
MQ,8.398132,PWM
AL,8.495182,PWM
AL,2.585163,IAD
NW,3.590266,IAD
AA,4.789707,IAD
TW,5.299516,IAD
CO,6.557110,IAD
AS,6.566007,IAD
DL,6.842247,IAD
US,7.523072,IAD
RU,8.125043,IAD
WN,8.887189,IAD
F9,1.588195,TUS
NW,2.197874,TUS
US,2.590626,TUS
TW,3.121199,TUS
CO,3.659166,TUS
OO,3.874852,TUS
AL,3.892211,TUS
EV,4.020833,TUS
RU,4.366242,TUS
PS,4.521542,TUS
F9,0.746493,BWI
PA,4.761905,BWI
CO,5.113806,BWI
YV,5.504666,BWI
NW,5.655729,BWI
AL,5.728207,BWI
AA,5.913444,BWI
9E,7.220703,BWI
US,7.471462,BWI
DL,7.641083,BWI
NW,0.022380,OKC
F9,1.276995,OKC
CO,3.265738,OKC
AA,3.989340,OKC
EA,4.018519,OKC
TW,4.627843,OKC
UA,5.002240,OKC
RU,5.046998,OKC
OH,5.177346,OKC
DL,6.016392,OKC
NW,1.765626,SYR
AL,3.588582,SYR
AA,4.089849,SYR
EA,4.534591,SYR
DL,4.886235,SYR
TW,5.104792,SYR
CO,5.430815,SYR
US,5.868592,SYR
DH,6.590778,SYR
PI,6.720339,SYR
US,1.339198,SAV
AA,3.656433,SAV
UA,3.737543,SAV
PI,4.328305,SAV
EA,4.858090,SAV
9E,5.316724,SAV
DL,7.078250,SAV
DH,7.120935,SAV
NW,7.152975,SAV
EV,8.109085,SAV
RU,2.418967,DFW
NW,2.531993,DFW
TZ,3.174169,DFW
TW,4.313415,DFW
F9,4.839170,DFW
EA,5.332710,DFW
PA,5.714859,DFW
ML,6.043027,DFW
HP,6.574894,DFW
CO,6.663891,DFW
AL,6.019211,ORD
NW,6.216774,ORD
PA,6.831946,ORD
PI,7.830900,ORD
DL,8.601523,ORD
EA,8.804572,ORD
TW,9.580762,ORD
US,10.066237,ORD
RU,10.448917,ORD
CO,11.245666,ORD
PA,1.230624,EWR
AL,7.347856,EWR
NW,7.830531,EWR
TZ,7.949897,EWR
TW,9.245218,EWR
US,9.268691,EWR
AA,9.338340,EWR
UA,10.306029,EWR
EA,10.369227,EWR
PI,10.661223,EWR
AA,1.083454,CHS
US,3.048723,CHS
NW,3.726337,CHS
EA,4.437422,CHS
UA,4.607471,CHS
CO,5.617173,CHS
FL,5.624398,CHS
9E,6.011812,CHS
PI,7.244048,CHS
DL,7.290587,CHS
HA,-0.412431,HNL
EA,0.000000,HNL
YV,0.178910,HNL
AQ,1.858618,HNL
AA,3.573261,HNL
CO,5.303479,HNL
PA,5.501167,HNL
UA,6.057387,HNL
DL,7.008183,HNL
TZ,7.814200,HNL
NW,2.473537,ROC
DH,4.279333,ROC
FL,4.321325,ROC
AA,5.575084,ROC
AL,6.005731,ROC
PI,6.222698,ROC
OO,6.291667,ROC
US,6.334877,ROC
EA,6.603165,ROC
CO,6.937119,ROC
PA,0.000000,ORF
TW,3.483456,ORF
AA,4.562597,ORF
EA,4.620054,ORF
NW,5.184881,ORF
AL,5.440568,ORF
DL,5.551183,ORF
US,6.040817,ORF
WN,7.289464,ORF
RU,7.791089,ORF
NW,0.912106,PIA
AA,2.944601,PIA
9E,3.601235,PIA
TW,3.684262,PIA
UA,4.011181,PIA
MQ,7.421638,PIA
DH,8.973856,PIA
EV,12.081114,PIA
OO,12.562254,PIA
OO,0.532919,FCA
XE,0.830986,FCA
NW,1.856105,FCA
EV,2.574394,FCA
HP,9.316456,FCA
DL,13.647276,FCA
9E,18.737903,FCA
YV,18.964286,FCA
US,19.253731,FCA
DL,-19.000000,GRB
NW,1.687266,GRB
OH,1.964584,GRB
9E,7.746890,GRB
DH,8.633570,GRB
EV,8.799398,GRB
OO,10.484049,GRB
MQ,11.385170,GRB
YV,24.533494,GRB
EV,-2.000000,RAP
XE,-0.088235,RAP
DL,0.275224,RAP
NW,2.033757,RAP
9E,2.546053,RAP
OO,3.440527,RAP
UA,3.801782,RAP
CO,4.747899,RAP
YV,7.352620,RAP
AA,0.131361,EUG
XE,2.857306,EUG
YV,3.209280,EUG
OO,6.438162,EUG
US,7.829927,EUG
AL,8.760736,EUG
UA,10.593184,EUG
PS,11.683908,EUG
CO,16.593625,EUG
DH,1.855060,EVV
US,2.750885,EVV
OH,3.077355,EVV
9E,3.351409,EVV
AL,3.556992,EVV
EA,6.492795,EVV
PI,7.623522,EVV
MQ,9.632254,EVV
EV,11.159798,EVV
MQ,0.869894,SBA
OH,2.682990,SBA
AA,2.708307,SBA
HP,2.809040,SBA
YV,5.636554,SBA
OO,6.228998,SBA
XE,10.619289,SBA
UA,11.422333,SBA
CO,19.194444,SBA
HP,3.775362,LNK
TW,4.257579,LNK
CO,5.394872,LNK
9E,5.665987,LNK
MQ,7.159683,LNK
UA,8.122937,LNK
OO,9.921703,LNK
DH,11.820776,LNK
YV,32.837255,LNK
DH,3.201833,ROA
OH,3.373654,ROA
US,3.839162,ROA
EA,4.333333,ROA
9E,4.829932,ROA
PI,6.230539,ROA
EV,13.404550,ROA
OO,18.565275,ROA
YV,21.553645,ROA
RU,0.925834,MTJ
CO,2.739570,MTJ
XE,3.232742,MTJ
YV,3.568034,MTJ
OO,4.611302,MTJ
AA,7.293913,MTJ
UA,7.757634,MTJ
MQ,15.007530,MTJ
DL,24.558824,MTJ
US,1.605487,AZO
NW,1.796207,AZO
OH,2.920626,AZO
PI,5.017774,AZO
DH,5.699046,AZO
MQ,7.224966,AZO
9E,7.323996,AZO
EV,9.308564,AZO
OO,10.809434,AZO
EV,2.400282,AMA
DL,3.594619,AMA
AA,3.639050,AMA
RU,4.670785,AMA
XE,4.823529,AMA
MQ,6.622494,AMA
WN,6.650798,AMA
CO,7.657718,AMA
OO,85.000000,AMA
PI,1.865832,TOL
OH,2.512932,TOL
TW,2.827856,TOL
US,3.062157,TOL
AL,4.821739,TOL
DH,4.909797,TOL
DL,5.874191,TOL
MQ,6.970972,TOL
EV,10.724051,TOL
OH,0.889821,ERI
XE,1.750000,ERI
DH,1.793566,ERI
RU,2.671233,ERI
NW,3.702703,ERI
US,4.372481,ERI
9E,4.535516,ERI
AL,6.683194,ERI
EV,15.128799,ERI
HA,-2.800576,LIH
AQ,-0.590097,LIH
YV,-0.392561,LIH
DL,-0.360902,LIH
AS,0.114754,LIH
US,3.048531,LIH
UA,3.249881,LIH
AA,6.588446,LIH
TZ,12.248062,LIH
F9,0.326087,JAC
NW,4.028481,JAC
OO,5.033940,JAC
CO,5.910590,JAC
DL,6.151073,JAC
YV,6.152542,JAC
EV,6.435673,JAC
UA,9.663263,JAC
AA,12.932138,JAC
PA,0.893932,STX
DL,1.465588,STX
US,3.233971,STX
AA,3.688856,STX
CO,5.509356,STX
ML,6.686916,STX
MQ,9.869048,STX
EA,12.903537,STX
9E,20.282609,STX
OO,0.032967,MGM
US,1.328255,MGM
YV,2.256881,MGM
NW,3.643858,MGM
RU,4.533927,MGM
9E,4.595954,MGM
DL,5.536966,MGM
XE,5.583567,MGM
EV,13.434958,MGM
F9,-25.000000,BZN
NW,2.572475,BZN
OO,4.034354,BZN
DL,5.246522,BZN
CO,6.965239,BZN
UA,8.981043,BZN
EV,8.983680,BZN
9E,41.562500,BZN
RU,2.819071,CRP
CO,3.102058,CRP
AA,3.501102,CRP
DL,4.969044,CRP
XE,5.600746,CRP
WN,6.375940,CRP
MQ,6.894318,CRP
EV,11.882463,CRP
NW,0.781075,MBS
CO,2.525843,MBS
US,2.776119,MBS
9E,5.143175,MBS
UA,7.517775,MBS
DH,10.627258,MBS
OO,11.501576,MBS
YV,24.488597,MBS
YV,-0.029630,TRI
US,2.667832,TRI
AL,3.158098,TRI
OH,3.519423,TRI
PI,3.788224,TRI
DH,5.653061,TRI
EV,10.430110,TRI
DL,19.230096,TRI
NW,4.559660,TVC
9E,7.107904,TVC
OH,7.258621,TVC
MQ,10.970986,TVC
EV,14.092784,TVC
OO,14.788451,TVC
DH,18.528634,TVC
YV,19.875136,TVC
NW,1.531160,VPS
RU,1.811284,VPS
OO,5.618421,VPS
XE,5.888706,VPS
OH,8.388724,VPS
DL,8.782410,VPS
MQ,11.002195,VPS
EV,12.033777,VPS
RU,0.474239,BFL
XE,1.826758,BFL
HP,2.440837,BFL
AA,4.279205,BFL
YV,4.889475,BFL
OO,5.012538,BFL
MQ,7.014839,BFL
CO,8.180617,BFL
US,2.250623,AGS
CO,2.571429,AGS
PI,4.166817,AGS
OH,5.130872,AGS
DL,5.567424,AGS
YV,8.285714,AGS
RU,12.617152,AGS
EV,12.768453,AGS
YV,5.753796,EGE
CO,7.800238,EGE
HP,8.339934,EGE
UA,9.225654,EGE
DL,10.058519,EGE
AA,13.671946,EGE
NW,14.531401,EGE
US,16.931818,EGE
AA,1.221809,MLB
DL,3.647006,MLB
US,3.970390,MLB
PI,4.152778,MLB
EA,4.726642,MLB
CO,8.047208,MLB
OH,8.932131,MLB
EV,11.134494,MLB
MQ,0.865613,MRY
US,1.527662,MRY
PS,1.733656,MRY
YV,2.547706,MRY
AL,2.816839,MRY
XE,6.194644,MRY
OO,8.143128,MRY
UA,8.431369,MRY
AA,2.712385,MAF
RU,3.124719,MAF
CO,3.125443,MAF
EV,3.772563,MAF
HP,4.567726,MAF
WN,5.575741,MAF
MQ,7.227750,MAF
XE,7.509851,MAF
CO,-0.448113,GUC
RU,-0.180645,GUC
YV,5.317454,GUC
UA,6.393617,GUC
AA,10.875804,GUC
DL,11.066390,GUC
OO,16.099291,GUC
YV,0.137931,GNV
US,4.142725,GNV
EA,5.204882,GNV
DL,5.896307,GNV
PI,6.752334,GNV
EV,12.842647,GNV
OH,52.000000,GNV
NW,2.677722,MSO
OO,2.970351,MSO
EV,3.076923,MSO
UA,4.446809,MSO
DL,4.805567,MSO
CO,4.836977,MSO
9E,52.500000,MSO
OH,0.612005,CMI
US,1.824410,CMI
TW,3.744589,CMI
PI,4.369928,CMI
DH,6.080160,CMI
EV,6.665138,CMI
MQ,7.992782,CMI
UA,1.792197,FAR
NW,2.111005,FAR
AA,4.183437,FAR
9E,7.309117,FAR
CO,8.777778,FAR
OO,9.005782,FAR
DH,12.524441,FAR
DH,1.670440,BGM
OH,2.026644,BGM
US,3.936613,BGM
AL,4.080675,BGM
PI,4.159276,BGM
9E,8.004728,BGM
EV,13.624348,BGM
YV,4.050670,MFR
US,6.227805,MFR
AL,7.784404,MFR
PS,8.379888,MFR
OO,8.538035,MFR
UA,12.045900,MFR
CO,17.074286,MFR
US,3.333464,PHF
DL,3.970626,PHF
AL,4.261965,PHF
YV,5.113772,PHF
FL,9.114951,PHF
OH,12.282297,PHF
EV,12.824826,PHF
DH,1.593183,ATW
NW,1.718646,ATW
OH,5.063892,ATW
9E,5.762945,ATW
OO,11.458880,ATW
EV,12.116762,ATW
YV,17.753822,ATW
RU,-0.209516,MLU
OO,4.231926,MLU
XE,5.377432,MLU
DL,7.169997,MLU
MQ,7.326487,MLU
EV,9.691068,MLU
AA,7.300000,ACK
RU,15.949206,ACK
CO,21.008929,ACK
OH,28.775510,ACK
XE,34.613084,ACK
B6,45.769874,ACK
NW,-0.739383,GTF
OO,0.260653,GTF
UA,1.361590,GTF
CO,3.287169,GTF
DL,11.506178,GTF
9E,12.750562,GTF
TW,-0.646907,MFE
RU,4.037795,MFE
AA,4.193863,MFE
XE,4.624944,MFE
CO,4.649695,MFE
EV,16.783961,MFE
OH,1.913684,PFN
NW,2.269930,PFN
9E,4.370010,PFN
OO,4.959091,PFN
DL,6.029881,PFN
EV,14.278269,PFN
MQ,1.995652,DRO
OO,3.784185,DRO
RU,4.179775,DRO
HP,5.100732,DRO
YV,5.773043,DRO
AA,8.319261,DRO
PS,0.645161,PSC
OO,2.670685,PSC
DL,2.871416,PSC
AL,2.966592,PSC
EV,8.198758,PSC
US,10.435115,PSC
AA,2.743721,DAL
RU,3.312306,DAL
MQ,5.360095,DAL
XE,7.579512,DAL
WN,8.280803,DAL
EV,18.111374,DAL
RU,1.176106,HRL
CO,3.423597,HRL
AA,3.798222,HRL
XE,5.940658,HRL
WN,7.009601,HRL
MQ,9.389549,HRL
MQ,6.586978,BMI
FL,8.570396,BMI
OO,8.747159,BMI
DH,9.772293,BMI
EV,14.209106,BMI
YV,25.108652,BMI
AA,1.489596,FAY
US,1.955966,FAY
PI,3.371772,FAY
DL,5.302326,FAY
YV,9.037736,FAY
EV,13.840432,FAY
NW,1.333551,SUX
UA,1.878248,SUX
TW,3.225779,SUX
HP,4.766474,SUX
9E,8.089041,SUX
OO,420.000000,SUX
DH,0.876408,CHO
OH,0.928905,CHO
YV,2.096774,CHO
US,3.436423,CHO
PI,6.053740,CHO
EV,9.167817,CHO
US,2.201128,ILM
UA,2.285714,ILM
YV,4.998806,ILM
PI,5.708301,ILM
EV,12.403683,ILM
OH,14.337662,ILM
DH,1.757370,ACY
OH,2.633910,ACY
US,3.592894,ACY
AL,4.248387,ACY
EV,21.978723,ACY
MQ,106.000000,ACY
CO,2.865566,GJT
HP,4.270410,GJT
OO,5.651150,GJT
MQ,8.913319,GJT
YV,9.248799,GJT
AA,70.000000,GJT
XE,-1.075710,IDA
OO,1.790544,IDA
AA,2.734438,IDA
DL,3.692870,IDA
9E,12.342237,IDA
DL,1.886838,CPR
YV,3.385316,CPR
OO,5.109338,CPR
CO,7.012658,CPR
9E,8.873016,CPR
CO,3.208621,LFT
RU,3.486303,LFT
XE,5.237621,LFT
MQ,6.700522,LFT
EV,13.696193,LFT
RU,5.248864,GRK
MQ,6.198749,GRK
OO,6.226563,GRK
XE,8.898399,GRK
EV,17.037037,GRK
EA,3.056300,EYW
US,3.575894,EYW
MQ,4.329515,EYW
PI,4.873903,EYW
EV,19.422538,EYW
OO,1.317185,BLI
PS,2.056180,BLI
AL,2.816733,BLI
US,3.929308,BLI
AS,6.135757,BLI
RU,0.395006,BPT
MQ,2.177078,BPT
XE,3.443742,BPT
EV,5.533465,BPT
OO,7.741715,BPT
US,3.152866,RDM
OO,5.530524,RDM
AL,8.033233,RDM
PS,9.600000,RDM
AS,14.674603,RDM
NW,2.036903,CWA
MQ,5.199085,CWA
9E,7.179870,CWA
OO,11.859046,CWA
YV,26.119787,CWA
US,3.403872,ORH
PI,3.847805,ORH
NW,4.115081,ORH
MQ,8.045732,ORH
CO,8.323596,ORH
NW,1.525336,BIS
CO,2.245904,BIS
DL,3.571300,BIS
OO,3.575354,BIS
9E,9.594281,BIS
AL,0.454006,YKM
PS,0.967914,YKM
US,1.035264,YKM
OO,5.009409,YKM
AA,30.000000,YKM
OH,0.444077,HTS
PI,3.713669,HTS
EV,5.023777,HTS
US,5.356820,HTS
AL,6.270161,HTS
NW,-0.253231,RST
TW,3.056604,RST
AA,4.144691,RST
9E,5.071914,RST
MQ,10.073973,RST
NW,-2.303541,HLN
OH,-1.548478,HLN
OO,0.084638,HLN
DL,4.730395,HLN
9E,9.910321,HLN
RU,-4.604167,ABI
US,0.000000,ABI
EV,1.750000,ABI
MQ,3.869464,ABI
OO,6.579890,ABI
US,2.279585,OAJ
PI,5.212191,OAJ
YV,10.000000,OAJ
EV,12.783902,OAJ
US,1.611593,ITH
PI,1.802817,ITH
AL,3.249061,ITH
9E,5.638889,ITH
AL,2.627232,SCK
US,2.700150,SCK
PS,3.328000,SCK
CO,7.328390,SCK
DL,4.309871,FAI
NW,5.394168,FAI
AS,5.778252,FAI
UA,7.405063,FAI
DH,0.331646,SCE
OH,0.579537,SCE
9E,9.109195,SCE
EV,15.539683,SCE
RU,0.725751,AEX
XE,1.658451,AEX
MQ,8.903527,AEX
EV,12.115385,AEX
MQ,1.882623,TXK
RU,1.945946,TXK
OO,2.821061,TXK
EV,3.980998,TXK
HA,-3.488682,ITO
AQ,-0.737492,ITO
TZ,-0.725000,ITO
YV,0.741471,ITO
MQ,-0.091230,ILE
RU,3.106936,ILE
EV,3.240102,ILE
OO,10.084251,ILE
RU,0.794041,CLL
MQ,2.147564,CLL
OO,3.579121,CLL
XE,4.593664,CLL
TW,-1.436685,PUB
HP,2.750565,PUB
XE,27.000000,PUB
OO,104.000000,PUB
AA,-0.929134,PSE
CO,0.915398,PSE
B6,2.557789,PSE
EA,22.716667,PSE
PI,1.906632,ELM
US,2.901634,ELM
AL,4.489478,ELM
9E,4.539421,ELM
EV,0.000000,TYR
MQ,1.411835,TYR
OO,4.187596,TYR
RU,6.650888,TYR
MQ,3.111103,SBP
YV,5.203218,SBP
OO,7.292544,SBP
RU,0.812614,LRD
XE,0.937530,LRD
MQ,7.507784,LRD
HP,2.945698,YUM
OO,4.850058,YUM
YV,6.599123,YUM
NW,0.951171,LSE
9E,6.238372,LSE
MQ,8.050601,LSE
US,2.895023,LYH
PI,5.754920,LYH
EV,6.858597,LYH
CO,2.044486,BRO
RU,2.434831,BRO
XE,4.636922,BRO
B6,2.151550,BQN
AA,2.712322,BQN
CO,6.752674,BQN
YV,0.147088,COD
OO,1.841475,COD
CO,5.400000,COD
US,1.870917,ISO
PI,4.415804,ISO
EV,13.142128,ISO
PI,2.696272,APF
MQ,4.105263,APF
EV,11.248662,APF
9E,1.735669,FSM
MQ,3.944865,FSM
EV,12.167224,FSM
NW,3.345244,DLH
9E,6.399177,DLH
MQ,7.597910,DLH
AA,2.839866,SPI
OO,15.227328,SPI
YV,30.311575,SPI
AA,-0.630952,LWB
US,2.403017,LWB
EV,10.435337,LWB
AL,1.180328,CCR
US,2.839092,CCR
PS,3.479042,CCR
RU,-4.297521,SJT
MQ,1.697096,SJT
OO,6.452909,SJT
NW,-0.036697,ALO
TW,5.833333,ALO
9E,11.618762,ALO
UA,-6.361290,SPN
CO,2.580244,SPN
RU,0.955947,VCT
OO,2.763006,VCT
OO,10.766119,ACV
UA,26.368421,ACV
CO,0.821047,MOT
NW,1.457019,MOT
MQ,1.958168,LAW
EV,5.409611,LAW
DL,7.583756,JNU
AS,11.177896,JNU
OO,-3.627219,GCC
YV,10.367491,GCC
OO,1.142815,SUN
HP,14.538462,SUN
AA,-0.272727,PIE
TZ,1.466398,PIE
OO,10.488097,RDD
UA,22.368421,RDD
YV,1.164802,CLD
OO,3.924659,CLD
EV,9.863853,ABY
OH,18.727273,ABY
US,2.528231,TTN
OH,10.156863,TTN
OO,-2.759036,RKS
YV,2.569007,RKS
NW,2.060551,GFK
9E,5.366718,GFK
EV,0.000000,PIH
OO,0.537388,PIH
MQ,1.336382,ACT
OO,4.885493,ACT
OH,5.683718,HVN
UA,7.909615,HVN
RU,1.514573,LCH
XE,6.381041,LCH
YV,11.130920,ASE
OO,13.290015,ASE
EV,12.640787,MCN
OH,59.000000,MCN
NW,-7.666667,PLN
9E,5.924426,PLN
HP,3.910068,FLG
YV,4.378690,FLG
OO,1.002955,BTM
DL,2.669425,BTM
RU,-2.043952,EFD
CO,3.306755,EFD
HP,2.792190,PMD
OO,11.111111,PMD
UA,2.000000,TWF
OO,3.963232,TWF
NW,-2.510945,EAU
9E,7.606061,EAU
US,3.236364,UCA
PI,5.634531,UCA
DL,4.454196,CSG
EV,9.033382,CSG
AS,8.052847,CDV
EV,14.812414,ILG
AS,20.950593,ADK
AS,8.261574,KTN
CO,28.000000,BFI
AS,6.233083,KSM
AS,8.172197,SIT
EV,9.055734,BQK
EV,0.000000,PVU
OO,10.154483,CIC
AS,9.855946,OME
OO,3.118616,IPL
MQ,5.741450,DBQ
9E,45.500000,PIR
NW,-1.326087,RDR
OO,203.666667,FMN
AS,11.191815,DLG
CO,2.226464,GUM
OO,2.266277,SMX
CO,-2.062945,ROP
OO,-0.453691,IYK
AS,14.652297,DUT
WN,6.884922,DET
AS,9.761252,AKN
OO,14.052045,OTH
OO,2.828205,MKG
YV,10.609403,TEX
9E,6.258242,RHI
MQ,8.591494,ROW
OO,2.872996,SGU
EV,11.618171,VLD
MQ,8.084766,MQT
OO,2.391517,EKO
EV,10.003971,FLO
OO,2.364880,SLE
AA,3.849057,TVL
MQ,2.606926,SPS
OO,145.000000,CYS
EV,8.609952,TUP
9E,13.512448,CMX
OO,10.149879,MOD
OO,131.000000,BFF
AS,11.664552,PSG
AS,9.519757,OTZ
AS,8.053904,YAK
9E,6.168539,INL
OO,14.322652,CEC
OO,3.522475,CDC
EV,20.124479,HHH
AS,4.722084,ANI
OO,1.105205,OXR
HP,3.791621,GCN
AS,9.054507,ADQ
AS,7.572732,GST
EV,25.241042,SOP
EV,15.968254,MTH
MQ,0.852753,GGG
OO,1.700910,RFD
9E,-5.500000,GLH
OO,0.914788,LWS
AS,9.218426,WRG
EV,8.398387,HKY
EV,11.575268,DHN
9E,5.368984,BJI
AS,7.526606,SCC
AS,10.285168,BRW
EV,12.279553,EWN
AS,9.831301,BET
OO,8.000000,MKC
OH,25.625000,CKB
HA,-4.636704,LNY
EV,12.090739,MEI
EV,11.636042,GTR
OO,-0.881132,WYS
HA,-2.966292,MKK
MQ,4.307143,MAZ
OO,0.140998,VIS
OO,10.650376,LMT
NW,-7.136364,MIB
OO,172.400000,OGD
