Origin,Dest,avgDepartureDelay
BOS,SWF,-5.000000
BOS,ONT,-4.000000
BOS,AUS,1.216609
BOS,LGA,3.031529
BOS,MSY,4.122363
BOS,OAK,5.389752
BOS,MDW,5.837131
BOS,DCA,5.888031
BOS,LGB,5.903509
BOS,BDL,5.957978
CMH,AUS,-5.000000
CMH,OMA,-5.000000
CMH,SYR,-5.000000
CMH,CLE,1.047270
CMH,SDF,1.352941
CMH,CAK,3.497368
CMH,SLC,3.922939
CMH,IND,4.140255
CMH,MEM,4.141243
CMH,DFW,4.149068
JFK,SWF,-10.500000
JFK,ABQ,0.000000
JFK,ANC,0.000000
JFK,ISP,0.000000
JFK,MYR,0.000000
JFK,UCA,1.907950
JFK,BGR,3.210280
JFK,BQN,3.614684
JFK,STT,4.336942
JFK,CHS,4.339147
SEA,EUG,0.000000
SEA,PSC,2.594943
SEA,CVG,3.789409
SEA,MEM,4.210309
SEA,CLE,5.154082
SEA,SNA,5.195117
SEA,BLI,5.199197
SEA,YKM,5.379648
SEA,LIH,5.481081
SEA,DTW,5.650895
SRQ,CLE,-0.969283
SRQ,EYW,0.000000
SRQ,TPA,0.674123
SRQ,MDW,1.335214
SRQ,IAH,1.460621
SRQ,MEM,1.687500
SRQ,FLL,2.000000
SRQ,MCO,2.066116
SRQ,BNA,2.068862
SRQ,RDU,2.447590
