Origin,Carrier,avgDepartureDelay
BOS,RU,1.917834
BOS,TZ,3.065583
BOS,EA,4.270461
BOS,PA,4.441950
BOS,ML,5.686495
BOS,NW,7.195679
BOS,EV,7.264984
BOS,DL,7.412062
BOS,AA,8.379933
BOS,AL,8.431211
CMH,AA,3.439217
CMH,DH,3.518982
CMH,NW,4.000400
CMH,ML,4.369852
CMH,DL,4.670345
CMH,PI,5.185142
CMH,RU,5.236263
CMH,EA,5.369062
CMH,US,5.838905
CMH,AL,5.952381
JFK,RU,5.042491
JFK,UA,5.947758
JFK,CO,8.153460
JFK,DH,8.750582
JFK,AA,10.015315
JFK,EA,10.129143
JFK,PA,11.293249
JFK,NW,11.554645
JFK,DL,11.903327
JFK,AL,12.378926
SEA,PS,4.404135
SEA,AL,4.794783
SEA,YV,5.243017
SEA,NW,5.971631
SEA,TZ,6.345004
SEA,US,6.403477
SEA,DL,6.499305
SEA,HA,6.684251
SEA,AA,6.899223
SEA,F9,7.448037
SRQ,TZ,-0.381997
SRQ,RU,-0.107266
SRQ,AA,3.292173
SRQ,YV,3.404022
SRQ,US,3.945950
SRQ,UA,4.139455
SRQ,TW,4.381385
SRQ,NW,4.665950
SRQ,DL,4.833183
SRQ,XE,5.109375
