Dest,avgDepartureDelay,Origin
AUS,-5.000000,CMH
OMA,-5.000000,CMH
SYR,-5.000000,CMH
CLE,1.047270,CMH
SDF,1.352941,CMH
CAK,3.497368,CMH
SLC,3.922939,CMH
IND,4.140255,CMH
DFW,4.149068,CMH
MEM,4.157089,CMH
JAX,-10.000000,CAE
FLL,-6.000000,CAE
DAB,-5.000000,CAE
AEX,-5.000000,CAE
JFK,0.000000,CAE
HOU,0.000000,CAE
GSP,0.843750,CAE
RDU,1.123211,CAE
CLT,2.953997,CAE
GSO,2.998165,CAE
HHH,-11.000000,SAV
AGS,-5.000000,SAV
CLE,-1.242138,SAV
MYR,-1.000000,SAV
CAE,-0.086351,SAV
SAT,0.000000,SAV
SHV,0.000000,SAV
MLU,0.000000,SAV
GSP,1.084775,SAV
RDU,1.275029,SAV
SHV,0.000000,SDF
JAN,0.000000,SDF
PIA,0.000000,SDF
BNA,0.852293,SDF
MCI,1.776156,SDF
MEM,1.910926,SDF
PHL,2.491310,SDF
IND,2.919379,SDF
CLE,3.496940,SDF
MSP,3.617823,SDF
BTR,0.000000,GPT
LGA,0.000000,GPT
PNS,0.000000,GPT
JAN,0.586207,GPT
MEM,2.258829,GPT
TPA,2.886981,GPT
MOB,3.604895,GPT
IAH,4.645794,GPT
SHV,5.000000,GPT
FLL,8.177179,GPT
GPT,-1.320537,JAN
AUS,0.000000,JAN
LFT,0.000000,JAN
IND,0.000000,JAN
MSY,0.821229,JAN
BNA,0.829941,JAN
MEM,1.871305,JAN
HSV,2.000000,JAN
CVG,3.039268,JAN
MOB,3.800787,JAN
IAD,-12.000000,LFT
ORF,-4.000000,LFT
TXK,-4.000000,LFT
PHL,-0.666667,LFT
DCA,-0.125000,LFT
MCN,0.000000,LFT
GTR,0.000000,LFT
BTR,2.600196,LFT
IAH,3.992208,LFT
DFW,6.819751,LFT
AGS,0.000000,DFW
LYH,0.000000,DFW
PHF,0.000000,DFW
TOL,3.427419,DFW
TYR,3.892037,DFW
BPT,4.299463,DFW
ILE,4.306048,DFW
SPS,4.429087,DFW
ACT,4.435282,DFW
GRB,4.641221,DFW
SHV,-3.714286,LIT
DAY,-1.000000,LIT
JAN,-1.000000,LIT
SDF,-1.000000,LIT
IAD,0.000000,LIT
AUS,0.000000,LIT
BNA,0.797931,LIT
OKC,0.838983,LIT
CLT,2.008055,LIT
SGF,2.278970,LIT
SWF,-10.500000,JFK
ABQ,0.000000,JFK
ANC,0.000000,JFK
MYR,0.000000,JFK
ISP,0.000000,JFK
UCA,1.907950,JFK
BGR,3.210280,JFK
BQN,3.614684,JFK
STT,4.336942,JFK
CHS,4.339147,JFK
PIE,-17.000000,TPA
DAB,-9.000000,TPA
LEX,-1.550847,TPA
PHF,0.712389,TPA
AUS,1.669196,TPA
CAK,1.780975,TPA
SLC,2.421517,TPA
CHS,2.551527,TPA
GPT,2.565651,TPA
HSV,2.601575,TPA
OAK,-10.000000,STL
XNA,-6.000000,STL
MEM,2.445327,STL
GRR,3.495430,STL
LEX,3.692847,STL
CMI,3.872727,STL
CVG,4.864341,STL
MSP,4.944719,STL
MSN,5.046261,STL
BNA,5.067941,STL
ACK,-2.473684,LGA
SFO,-1.636364,LGA
ISP,-0.250000,LGA
CID,0.656566,LGA
DCA,1.667404,LGA
BOS,2.211274,LGA
SJU,2.233766,LGA
PHL,2.413178,LGA
STT,2.648936,LGA
LWB,2.702247,LGA
SWF,-5.000000,BOS
ONT,-4.000000,BOS
AUS,1.216609,BOS
LGA,3.031529,BOS
MSY,3.283912,BOS
LGB,4.986319,BOS
OAK,5.389752,BOS
MDW,5.837131,BOS
DCA,5.888031,BOS
BDL,5.957978,BOS
LGB,-2.200000,PSP
IAH,-0.522362,PSP
TUS,-0.324503,PSP
ONT,0.832310,PSP
SNA,2.282776,PSP
OAK,2.828800,PSP
ATL,3.253807,PSP
PHX,3.276194,PSP
MSP,3.742220,PSP
DFW,4.076802,PSP
OAK,-60.000000,LBB
HOU,1.545455,LBB
MAF,3.802779,LBB
PHX,4.304143,LBB
IAH,4.410269,LBB
ELP,4.515717,LBB
AUS,4.640231,LBB
AMA,4.891061,LBB
LAS,4.955021,LBB
DFW,5.590996,LBB
TXK,-5.500000,OKC
CLE,-1.482270,OKC
BOS,-1.000000,OKC
ABQ,-0.029096,OKC
MEM,0.907355,OKC
ICT,2.328512,OKC
MCO,3.474320,OKC
IAH,3.934971,OKC
CVG,4.296061,OKC
LAX,4.300201,OKC
CVG,-3.687500,HDN
IAH,3.844410,HDN
DEN,4.617086,HDN
SLC,6.288210,HDN
PHX,6.357143,HDN
SJC,7.425000,HDN
JFK,7.642857,HDN
MSP,9.018970,HDN
LAX,9.740484,HDN
STL,11.203152,HDN
SDF,-24.000000,MLU
AUS,-2.500000,MLU
BHM,-0.366348,MLU
PNS,1.953634,MLU
IAH,3.436563,MLU
SHV,4.090135,MLU
DFW,7.730355,MLU
ATL,9.922649,MLU
JAN,21.655193,MLU
CSG,52.000000,MLU
FAT,0.904762,BOI
DFW,1.250000,BOI
IAH,3.275676,BOI
PHX,3.611569,BOI
SLC,3.690859,BOI
ATL,4.050955,BOI
DEN,4.273758,BOI
MSP,4.664840,BOI
RNO,5.025515,BOI
ONT,5.691073,BOI
MKK,-3.000000,HNL
LNY,-2.539286,HNL
CVG,-0.986336,HNL
ITO,-0.268491,HNL
LIH,-0.253974,HNL
EWR,-0.115320,HNL
KOA,0.306563,HNL
OGG,0.582836,HNL
SLC,1.506356,HNL
IAH,2.972388,HNL
DAB,-20.000000,GSP
JAX,-15.000000,GSP
CAE,-1.137931,GSP
BNA,0.169946,GSP
RDU,0.906191,GSP
MDW,2.153656,GSP
MEM,2.374656,GSP
BWI,2.425868,GSP
GSO,2.789395,GSP
DCA,2.884615,GSP
IAH,0.871643,MTJ
DEN,4.238419,MTJ
LAX,5.532338,MTJ
SLC,8.878788,MTJ
DFW,10.531754,MTJ
CLE,13.055556,MTJ
ORD,13.913386,MTJ
EWR,20.666667,MTJ
ATL,21.750000,MTJ
GJT,165.500000,MTJ
CMH,-6.333333,AUS
IND,-0.761006,AUS
SNA,-0.372549,AUS
TUL,-0.226374,AUS
CLE,0.276423,AUS
MEM,0.545869,AUS
TUS,1.184814,AUS
MIA,1.276827,AUS
SAT,2.401284,AUS
CLT,2.581481,AUS
CLE,-4.000000,SNA
PVU,-3.000000,SNA
SAN,0.889484,SNA
LGB,1.000000,SNA
PHL,1.627907,SNA
IAH,2.076626,SNA
TUS,2.190377,SNA
IAD,2.275093,SNA
ONT,2.355191,SNA
DTW,2.527601,SNA
LAX,-7.272727,BZN
BIL,-0.088572,BZN
SLC,3.791234,BZN
MSP,3.926840,BZN
DEN,5.565647,BZN
MSO,6.464150,BZN
BTM,6.961220,BZN
ATL,9.751678,BZN
GTF,10.462264,BZN
DTW,11.160804,BZN
DTW,-4.000000,TUS
IAD,-0.438650,TUS
SFO,-0.138241,TUS
CLT,0.170068,TUS
SNA,0.830526,TUS
PIT,1.396552,TUS
ELP,1.583021,TUS
GEG,2.179104,TUS
OMA,2.607407,TUS
MSP,2.612613,TUS
MSN,-2.000000,IAH
MLI,-1.000000,IAH
AGS,-0.617297,IAH
EFD,1.887708,IAH
HOU,2.172037,IAH
JAC,2.422619,IAH
MTJ,2.902516,IAH
RNO,3.227283,IAH
GUC,3.537374,IAH
BPT,3.599533,IAH
SDF,-25.000000,FSD
GRB,-8.000000,FSD
CLT,-5.000000,FSD
PHX,-4.777778,FSD
IAD,-3.000000,FSD
BIS,-0.948447,FSD
SLC,-0.342917,FSD
CVG,-0.220006,FSD
SUX,1.165663,FSD
MLI,1.392675,FSD
CBM,-3.000000,ATL
FCA,4.195652,ATL
OGG,5.181287,ATL
LGB,6.524123,ATL
LWB,6.937168,ATL
CLT,7.334584,ATL
GSP,7.381552,ATL
HTS,7.534116,ATL
SNA,7.690313,ATL
MEM,7.895397,ATL
PHX,-4.058824,BIL
BZN,-1.718429,BIL
FCA,-0.532773,BIL
MSP,0.739495,BIL
CVG,1.294286,BIL
HLN,2.240000,BIL
SFO,3.307692,BIL
SLC,3.587230,BIL
JAC,3.775610,BIL
GEG,4.532468,BIL
CHS,-23.000000,ATW
CWA,-9.054545,ATW
GRB,-0.457447,ATW
MKE,-0.028202,ATW
MSP,3.958818,ATW
CVG,4.425023,ATW
DTW,5.532874,ATW
ATL,12.467868,ATW
ORD,15.411321,ATW
DSM,185.000000,ATW
FSD,-23.000000,BNA
CID,-8.000000,BNA
COS,-7.000000,BNA
OMA,1.495327,BNA
TUL,2.482759,BNA
SDF,2.835365,BNA
CLT,3.140623,BNA
MEM,3.279240,BNA
PIT,3.367881,BNA
GSP,3.694184,BNA
SYR,-1.000000,PVD
ALB,1.033493,PVD
IAH,1.753623,PVD
DTW,2.112615,PVD
MSP,2.244969,PVD
RDU,2.295420,PVD
MCI,2.825549,PVD
CLE,2.941013,PVD
DCA,3.041203,PVD
CLT,3.555827,PVD
ANC,-10.000000,OGG
LIH,-1.455280,OGG
ITO,-0.938563,OGG
SLC,-0.822266,OGG
IAH,-0.402945,OGG
HNL,0.162086,OGG
KOA,1.320492,OGG
ATL,1.564706,OGG
DEN,1.663968,OGG
LAS,3.173913,OGG
CLE,-2.909630,BHM
MEM,0.598395,BHM
RDU,0.819063,BHM
DCA,0.974074,BHM
HSV,2.208840,BHM
DTW,2.422670,BHM
CLT,2.888194,BHM
STL,3.085067,BHM
IAH,3.477076,BHM
CVG,3.647288,BHM
IAH,-2.994012,JAC
BIL,-0.063725,JAC
MSP,4.816038,JAC
SLC,5.047803,JAC
IDA,6.175640,JAC
DEN,8.112683,JAC
DFW,10.759542,JAC
ATL,11.171254,JAC
LAX,13.672414,JAC
CVG,18.433333,JAC
FAT,-2.630682,LGB
PSP,-1.000000,LGB
SAN,0.702206,LGB
ONT,0.879781,LGB
BUR,1.957466,LGB
MRY,2.209738,LGB
SJC,2.387119,LGB
ATL,2.852097,LGB
SMF,2.890917,LGB
OAK,2.914629,LGB
OGG,-1.116193,KOA
SLC,-1.115556,KOA
ITO,-0.980072,KOA
HNL,-0.592871,KOA
PHX,-0.365291,KOA
SEA,-0.272669,KOA
DEN,2.852399,KOA
ORD,3.750430,KOA
LIH,4.981818,KOA
LAX,6.184014,KOA
CRP,-8.000000,BTR
AEX,-1.500000,BTR
MEM,0.734748,BTR
SHV,1.187354,BTR
BNA,1.897609,BTR
MSY,2.475664,BTR
BHM,2.607769,BTR
JAN,2.715254,BTR
LFT,3.929178,BTR
IAH,5.183404,BTR
MLI,-8.000000,DSM
CLE,-4.122302,DSM
LAX,-3.000000,DSM
AUS,-2.000000,DSM
LNK,-0.763158,DSM
MKE,0.218223,DSM
BNA,0.751174,DSM
PIT,1.482341,DSM
SLC,1.966667,DSM
IAH,1.988288,DSM
PWM,-5.729508,BTV
COS,-4.000000,BTV
MCO,-0.147766,BTV
SYR,0.461386,BTV
HPN,0.833333,BTV
BDL,1.254545,BTV
ALB,1.287787,BTV
MHT,3.721432,BTV
CLE,3.806988,BTV
BWI,4.666102,BTV
LGB,-0.675271,SMF
PSP,-0.523364,SMF
OGG,-0.118497,SMF
GEG,0.357078,SMF
SJC,1.378698,SMF
BFL,1.932749,SMF
COS,3.242325,SMF
RNO,3.459527,SMF
SLC,3.648431,SMF
MCI,3.809738,SMF
MCO,-3.183333,BUR
SBA,-1.280374,BUR
ONT,0.970665,BUR
PMD,1.000000,BUR
LGB,1.581380,BUR
SNA,2.267606,BUR
SLC,2.513165,BUR
DEN,3.099877,BUR
RNO,3.470000,BUR
DFW,4.006724,BUR
MGM,-7.000000,MOB
GPT,-2.697674,MOB
JAN,0.553565,MOB
BNA,1.432718,MOB
MEM,2.107056,MOB
CLT,3.021408,MOB
IAH,3.386406,MOB
PNS,4.489336,MOB
BHM,5.240933,MOB
BTR,5.830337,MOB
CHA,-10.000000,GRR
MKG,-6.130435,GRR
LAN,-3.716129,GRR
GRB,-1.166667,GRR
TOL,0.333333,GRR
LAS,0.351220,GRR
MKE,1.174569,GRR
DEN,1.957077,GRR
DTW,2.597773,GRR
STL,2.636861,GRR
GRB,-1.747630,MSN
MCI,-0.235294,MSN
LAS,-0.042169,MSN
MKE,1.141547,MSN
CLE,1.754518,MSN
DTW,1.848572,MSN
PIT,1.950051,MSN
LSE,2.650000,MSN
CVG,2.797823,MSN
MSP,3.143580,MSN
CLE,-3.965174,DAB
MCO,0.105882,DAB
BWI,0.880795,DAB
JAX,1.313415,DAB
RDU,1.666994,DAB
DFW,1.733333,DAB
CLT,4.715245,DAB
PHL,5.112821,DAB
ATL,6.824532,DAB
MLB,7.122802,DAB
FAR,-15.000000,XNA
CLE,-5.264264,XNA
CAK,-5.000000,XNA
SLC,2.031863,XNA
DCA,4.280936,XNA
DEN,4.983877,XNA
CVG,5.374482,XNA
MEM,6.151017,XNA
IAH,6.295184,XNA
MSP,6.304383,XNA
SBA,-16.000000,RNO
TUS,-0.394161,RNO
LGB,0.756272,RNO
SMF,1.602655,RNO
IAH,3.241459,RNO
GEG,4.520755,RNO
SNA,4.584275,RNO
MSP,4.629809,RNO
DEN,4.694191,RNO
PHX,5.075212,RNO
DRO,3.203688,GJT
LAS,4.051643,GJT
SLC,5.102615,GJT
DEN,5.950265,GJT
PHX,7.594378,GJT
DFW,8.913319,GJT
LAX,19.333333,GJT
ORD,45.000000,GJT
HDN,70.000000,GJT
ASE,89.000000,GJT
MFE,-11.000000,MCO
PFN,-0.116216,MCO
AVL,0.739130,MCO
MEM,2.752654,MCO
HSV,3.231643,MCO
PHF,3.264957,MCO
TLH,3.323483,MCO
CLE,3.345103,MCO
PNS,3.360026,MCO
BMI,3.532811,MCO
KOA,-2.304348,SAN
BUR,-0.216667,SAN
LIH,-0.066667,SAN
MIA,0.555556,SAN
IPL,1.078197,SAN
CLE,2.392405,SAN
MSY,2.974246,SAN
MEM,3.047820,SAN
CLT,3.153611,SAN
LAX,3.284266,SAN
LAN,-3.031076,AZO
GRB,-1.783816,AZO
SBN,0.310345,AZO
PIT,1.435655,AZO
DTW,3.062974,AZO
CVG,3.135117,AZO
DAY,3.240459,AZO
MSP,3.419321,AZO
ORD,8.420051,AZO
ATL,10.127346,AZO
CLE,-4.086347,MDT
DTW,1.091301,MDT
PHL,1.646778,MDT
CLT,1.707522,MDT
ITH,1.821429,MDT
BDL,2.000000,MDT
MCO,2.162866,MDT
PIT,3.047059,MDT
BWI,3.362500,MDT
STL,4.715135,MDT
EWR,-15.000000,ISP
LGA,-4.000000,ISP
BUF,-3.000000,ISP
BDL,0.387615,ISP
CLE,0.925110,ISP
SWF,1.000000,ISP
RDU,2.157686,ISP
RSW,2.664889,ISP
JAX,3.036392,ISP
IAD,3.191781,ISP
TUS,-36.500000,MKE
MDW,-12.000000,MKE
RSW,-0.125000,MKE
MKC,1.000000,MKE
DAY,1.042084,MKE
MEM,1.127951,MKE
SDF,1.992126,MKE
RST,2.000000,MKE
BNA,2.075322,MKE
IND,2.370554,MKE
MDW,1.313380,CLT
LWB,1.500000,CLT
CAK,2.502054,CLT
TUS,3.360544,CLT
CHO,3.513801,CLT
MGM,3.650852,CLT
ISO,3.977120,CLT
SLC,4.152344,CLT
MOB,4.692567,CLT
TYS,4.742660,CLT
BDL,-1.000000,SAT
MSP,0.491754,SAT
CLE,0.548476,SAT
MEM,0.645808,SAT
SFO,1.741460,SAT
MSY,1.762064,SAT
PIT,2.370885,SAT
STL,2.553783,SAT
BNA,2.596713,SAT
ABQ,2.848315,SAT
RSW,0.390836,CAK
IND,0.945946,CAK
DEN,1.349393,CAK
TPA,1.418427,CAK
LAS,1.825911,CAK
CLT,1.907300,CAK
FWA,2.280142,CAK
CMH,2.531088,CAK
PIT,2.827843,CAK
DAY,3.265997,CAK
MSN,-2.030864,LAS
FAR,-0.093525,LAS
PIE,0.490281,LAS
YUM,1.146283,LAS
LNK,2.246377,LAS
GRR,2.305825,LAS
PMD,2.618201,LAS
DAY,2.702970,LAS
MEM,2.994656,LAS
GCN,3.054063,LAS
TPA,-1.379071,ROC
RDU,1.648352,ROC
DTW,2.765645,ROC
LAS,2.853147,ROC
ALB,2.959476,ROC
BDL,3.507003,ROC
BWI,3.576299,ROC
CLT,3.937010,ROC
DCA,4.315241,ROC
MCO,4.546661,ROC
DEN,0.518072,SUX
CID,1.147182,SUX
ORD,1.883987,SUX
MSP,2.096057,SUX
MLI,2.311475,SUX
LNK,2.320960,SUX
STL,4.047414,SUX
FSD,4.422819,SUX
PHX,4.824281,SUX
OMA,7.404523,SUX
ITH,-5.067568,DTW
CRW,2.975728,DTW
ORH,3.412707,DTW
SCE,3.707736,DTW
DAY,4.278894,DTW
FWA,4.494097,DTW
HPN,4.734501,DTW
SBN,5.147171,DTW
AUS,5.408517,DTW
CHS,5.501368,DTW
BTR,-2.000000,DEN
RKS,1.675418,DEN
HSV,2.522701,DEN
FCA,3.063107,DEN
BFL,4.085837,DEN
TVC,4.505747,DEN
PIA,5.154015,DEN
MEM,5.452629,DEN
LGB,5.672781,DEN
IDA,5.780240,DEN
HPN,-10.000000,PIA
DEN,-1.259424,PIA
CID,2.103679,PIA
DTW,3.541790,PIA
CMI,3.634393,PIA
STL,3.699211,PIA
MLI,3.871707,PIA
DFW,5.285253,PIA
ORD,9.221565,PIA
CHA,10.000000,PIA
ELP,-1.000000,TUL
BNA,0.326241,TUL
AUS,0.467105,TUL
SMF,0.842593,TUL
LAX,0.933007,TUL
OMA,2.467277,TUL
MEM,2.805340,TUL
SAT,2.831740,TUL
SLC,2.945707,TUL
ICT,3.047032,TUL
SWF,0.114873,BGR
PWM,0.839850,BGR
SYR,0.883019,BGR
MHT,2.311966,BGR
PIT,2.954545,BGR
BTV,4.042373,BGR
PVD,5.450716,BGR
MSP,6.736842,BGR
BOS,6.793659,BGR
CVG,7.634756,BGR
SBA,1.189431,SJC
BWI,1.615702,SJC
IAH,2.066947,SJC
CVG,2.200393,SJC
DTW,2.685003,SJC
MSP,2.814461,SJC
TVL,3.004209,SJC
SLC,3.048466,SJC
IAD,3.677201,SJC
LGB,3.680541,SJC
HPN,-1.000000,AVP
ELM,1.722973,AVP
BWI,1.912786,AVP
ABE,2.704106,AVP
PHL,2.824083,AVP
PIT,3.560529,AVP
CVG,3.680694,AVP
MDT,4.087963,AVP
CLT,4.745763,AVP
DTW,9.010317,AVP
LAS,-1.372549,DAY
BNA,-1.250000,DAY
MKE,1.313253,DAY
BDL,1.319018,DAY
GSO,1.545130,DAY
CLE,2.089473,DAY
CMH,2.646840,DAY
IAD,2.785450,DAY
MSP,3.357169,DAY
DTW,3.673300,DAY
EWR,-0.875691,HPN
CLE,-0.824426,HPN
PVD,3.500000,HPN
DTW,4.263998,HPN
PIT,5.276240,HPN
RSW,5.545156,HPN
IAD,5.675782,HPN
RDU,5.933148,HPN
HVN,7.173333,HPN
MCO,7.204143,HPN
DFW,-6.000000,DAL
ORD,6.173222,DAL
LAX,6.563309,DAL
IAH,6.695466,DAL
AUS,7.210096,DAL
SAT,7.211294,DAL
TUL,8.037153,DAL
ELP,8.066340,DAL
OKC,8.102052,DAL
HOU,8.158170,DAL
PIA,-4.000000,MSP
MIB,0.306818,MSP
MHT,2.060738,MSP
JAX,2.213833,MSP
EAU,3.197098,MSP
PIR,3.500000,MSP
FWA,3.615385,MSP
IAH,3.688140,MSP
DAY,3.812786,MSP
RST,3.960499,MSP
PIE,-4.058824,SJU
RDU,1.667220,SJU
BNA,1.872850,SJU
MDW,2.802508,SJU
PIT,3.377358,SJU
CLE,3.508811,SJU
SYR,3.711864,SJU
IAH,4.680624,SJU
DFW,5.035607,SJU
FLL,5.355382,SJU
SWF,-1.864198,ALB
SYR,1.615789,ALB
RDU,2.232115,ALB
CVG,2.907845,ALB
PVD,2.986486,ALB
BTV,3.119403,ALB
DTW,3.606824,ALB
ISP,4.388204,ALB
MHT,4.492147,ALB
BUF,4.704649,ALB
IAD,-0.480392,CHO
RIC,0.742593,CHO
LYH,1.616867,CHO
CVG,1.617920,CHO
ROA,2.888755,CHO
BWI,3.891626,CHO
CLT,3.974548,CHO
ATL,9.016323,CHO
LGA,15.836938,CHO
DCA,87.500000,CHO
RSW,-1.142857,HOU
CLE,-1.012545,HOU
MIA,1.906812,HOU
LBB,1.909091,HOU
MEM,2.008337,HOU
IAH,2.191699,HOU
PVD,2.964286,HOU
DCA,2.990244,HOU
DTW,3.082674,HOU
MSP,3.085976,HOU
MSO,-11.000000,PDX
TPA,-1.000000,PDX
MEM,-0.553191,PDX
RDM,0.979388,PDX
MFR,1.595480,PDX
CLE,2.000000,PDX
LGB,2.006993,PDX
BOS,2.755372,PDX
EUG,2.958108,PDX
MCI,3.512635,PDX
MKE,-13.000000,MLI
IAD,-3.000000,MLI
RDU,-1.000000,MLI
FSD,1.068182,MLI
LAS,2.281437,MLI
LNK,2.291667,MLI
OMA,2.514743,MLI
CID,3.426033,MLI
STL,3.564045,MLI
CVG,3.654762,MLI
ONT,-2.447563,FAT
LGB,0.709434,FAT
RAP,1.704545,FAT
SAN,2.059615,FAT
PHX,2.720704,FAT
LAX,4.255150,FAT
VIS,4.284534,FAT
DFW,4.548954,FAT
SLC,5.377115,FAT
RNO,5.437831,FAT
SWF,-3.750000,EWR
HPN,1.175978,EWR
BTR,1.292000,EWR
MYR,1.640228,EWR
GUC,2.625000,EWR
ROA,2.739496,EWR
AGS,3.320305,EWR
STT,4.633568,EWR
SNA,5.667649,EWR
HSV,6.100840,EWR
BUF,-11.000000,RIC
MCO,-1.108911,RIC
BNA,1.058900,RIC
IAH,1.922215,RIC
ROA,2.584204,RIC
STL,3.529993,RIC
BWI,3.561427,RIC
CHO,3.587477,RIC
CVG,3.830778,RIC
DTW,3.887196,RIC
IAD,-19.000000,GRB
ATW,-7.992674,GRB
AZO,-4.218559,GRB
MSN,-1.352029,GRB
DTW,1.766224,GRB
MKE,1.960957,GRB
MSP,2.722563,GRB
DSM,3.000000,GRB
CVG,3.359567,GRB
ATL,5.927461,GRB
LGA,-1.000000,SWF
DFW,0.947368,SWF
TPA,1.178322,SWF
RDU,1.969542,SWF
ALB,2.310000,SWF
JFK,2.500000,SWF
BWI,3.197761,SWF
MCO,3.342005,SWF
CLT,4.012009,SWF
PIT,4.133775,SWF
FAY,-10.000000,RDU
BHM,-0.556270,RDU
SLC,-0.060759,RDU
CLE,2.008258,RDU
MSY,2.022388,RDU
PNS,2.218750,RDU
SAT,2.416568,RDU
RIC,2.898933,RDU
ABE,3.288889,RDU
IAH,3.572276,RDU
MKG,-7.790476,FNT
MCO,-0.295836,FNT
MKE,-0.162687,FNT
CLE,0.568063,FNT
MSP,2.119114,FNT
DTW,2.199099,FNT
PIT,3.809442,FNT
CVG,4.108585,FNT
DAY,4.231819,FNT
DFW,5.264957,FNT
GLH,-3.000000,MEM
FSM,2.536392,MEM
PIT,3.218821,MEM
TYS,3.313573,MEM
ICT,3.387102,MEM
BNA,3.407934,MEM
GSP,3.510654,MEM
SAV,3.511822,MEM
BTR,3.563408,MEM
MOB,3.854605,MEM
SJU,1.611111,SYR
DTW,1.874850,SYR
RDU,2.120885,SYR
ISP,3.008668,SYR
BDL,3.445851,SYR
ROC,3.481441,SYR
MCO,3.932800,SYR
BUF,4.344793,SYR
CLT,4.402428,SYR
BTV,4.455268,SYR
GRR,-1.870370,LAN
AZO,1.023047,LAN
MSP,1.323628,LAN
DTW,2.505909,LAN
DAY,2.573669,LAN
PIT,3.422207,LAN
CLE,4.372289,LAN
CVG,4.683460,LAN
IAD,4.763383,LAN
ATL,10.950467,LAN
MEM,1.367539,MSY
DTW,1.656879,MSY
PNS,1.746449,MSY
CVG,2.132136,MSY
CLE,2.666769,MSY
MCI,3.447712,MSY
DCA,3.623648,MSY
SFO,3.831914,MSY
BOS,4.045669,MSY
MSP,4.192114,MSY
AUS,0.000000,TLH
IAD,0.000000,TLH
MLB,0.000000,TLH
CSG,0.000000,TLH
AGS,0.000000,TLH
PBI,3.311828,TLH
MCO,3.651347,TLH
TPA,3.654958,TLH
MEM,3.823802,TLH
CLT,4.252451,TLH
SAN,1.710383,MIA
BUF,2.000000,MIA
SLC,2.410788,MIA
HOU,2.888491,MIA
ISP,3.649123,MIA
MEM,3.686327,MIA
GNV,3.960685,MIA
PSE,3.975845,MIA
TLH,4.234642,MIA
MCI,4.612245,MIA
CLE,-2.740000,CHS
RDU,0.423846,CHS
GSP,1.996578,CHS
GSO,2.124524,CHS
DCA,2.868739,CHS
CLT,3.100143,CHS
MYR,3.400000,CHS
ORF,3.570772,CHS
IAH,3.925565,CHS
JFK,4.255792,CHS
SMF,-5.197640,BFL
SAN,-1.366197,BFL
SLC,0.092437,BFL
DEN,1.097305,BFL
BUR,1.183333,BFL
SNA,1.530612,BFL
IAH,2.555904,BFL
LAX,2.940145,BFL
PHX,3.058312,BFL
SBA,4.031169,BFL
GTF,-2.876625,FCA
DEN,-0.091887,FCA
BIL,0.421667,FCA
HLN,3.985816,FCA
SLC,7.623717,FCA
MSO,7.920776,FCA
MSP,10.365766,FCA
ATL,10.521739,FCA
PHX,14.695402,FCA
ORD,26.759690,FCA
PSC,1.019750,GEG
BIL,1.268704,GEG
SMF,2.510370,GEG
RNO,2.816794,GEG
LAX,2.930731,GEG
MSP,3.486935,GEG
SLC,3.808752,GEG
PHX,3.942819,GEG
ONT,4.011423,GEG
OAK,4.238916,GEG
TUL,-5.000000,CLE
CHS,-1.053333,CLE
DAB,-0.551724,CLE
MYR,-0.516949,CLE
AGS,-0.142857,CLE
SJU,-0.118162,CLE
FWA,0.000000,CLE
HPN,0.170273,CLE
ABE,0.700462,CLE
MDT,0.887560,CLE
ELM,-0.977876,BGM
ITH,0.331658,BGM
IAD,1.670440,BGM
CVG,1.983983,BGM
BWI,3.727273,BGM
PIT,4.267286,BGM
PHL,4.353191,BGM
JFK,7.823529,BGM
DTW,8.004728,BGM
ATL,13.624348,BGM
HNL,-1.769960,LIH
OGG,-1.033489,LIH
SEA,0.114754,LIH
SNA,1.391304,LIH
PHX,3.048531,LIH
KOA,3.150943,LIH
SFO,3.872715,LIH
LAX,5.198196,LIH
DEN,6.405405,LIH
SAN,7.838710,LIH
GCC,-1.511765,SLC
RKS,-0.425150,SLC
ACV,0.472325,SLC
SGF,0.775168,SLC
SLE,0.850967,SLC
GUC,0.916667,SLC
ICT,1.212821,SLC
YKM,1.295699,SLC
SBP,1.530735,SLC
DCA,1.565891,SLC
ORF,-5.000000,OMA
BWI,-3.000000,OMA
TUS,-0.318519,OMA
CHA,0.000000,OMA
MEM,1.037827,OMA
CLE,1.655582,OMA
ONT,2.146572,OMA
MCI,2.209897,OMA
MCO,2.434783,OMA
IND,2.541667,OMA
SDF,-10.000000,SFO
MSO,-4.000000,SFO
LGA,-1.757576,SFO
PIE,-1.341040,SFO
OAK,-0.813707,SFO
FAR,0.000000,SFO
BNA,2.379209,SFO
MEM,3.262416,SFO
SJC,3.985614,SFO
MKE,3.988028,SFO
TPA,-18.000000,PIE
MCO,-5.500000,PIE
SFO,-0.795322,PIE
RDU,-0.255193,PIE
IND,-0.137050,PIE
RSW,0.000000,PIE
LAX,0.709924,PIE
MDW,1.439321,PIE
LAS,2.720779,PIE
SJU,16.764706,PIE
EVV,2.268102,MDW
MIA,2.859375,MDW
ICT,3.209677,MDW
GSP,3.273408,MDW
GSO,4.190177,MDW
CVG,4.267528,MDW
PIE,4.340998,MDW
IAH,4.560579,MDW
DSM,4.655642,MDW
DAY,4.743062,MDW
SWF,-8.000000,BDL
MEM,-0.854167,BDL
HPN,-0.666667,BDL
ALB,0.000000,BDL
IAH,0.358333,BDL
ROC,1.551532,BDL
DAY,1.944785,BDL
CLE,2.464441,BDL
MIA,2.530763,BDL
ISP,2.595455,BDL
SJU,0.208509,STX
STT,1.347882,STX
PHL,1.979948,STX
RDU,3.239890,STX
MIA,4.305026,STX
MCO,4.797297,STX
JFK,5.033473,STX
EWR,6.747919,STX
CLT,11.590517,STX
ATL,11.596513,STX
DTW,4.674307,TVC
MSP,6.294118,TVC
CVG,7.960152,TVC
DFW,9.370370,TVC
ORD,12.030056,TVC
DEN,12.954023,TVC
ATL,14.092784,TVC
LGA,14.717949,TVC
MSN,24.000000,TVC
MQT,24.929969,TVC
LAN,-6.000000,FAR
SLC,-0.440622,FAR
SUX,0.047619,FAR
LAS,1.151079,FAR
FSD,2.114816,FAR
MSP,2.291226,FAR
DEN,3.724222,FAR
ORD,13.551747,FAR
MCI,29.000000,FAR
BIS,47.500000,FAR
LBB,3.321791,AMA
LAS,3.731662,AMA
IAH,4.713917,AMA
DFW,4.784649,AMA
MAF,6.733981,AMA
DAL,6.745799,AMA
ABQ,7.005351,AMA
DEN,9.670683,AMA
PHX,11.000000,AMA
TUL,22.000000,AMA
DSM,-0.846614,MCI
MEM,1.364246,MCI
MSY,2.368306,MCI
MSP,2.582195,MCI
DTW,2.710797,MCI
SJC,3.208831,MCI
IAH,3.237927,MCI
CLT,3.659068,MCI
CLE,3.775333,MCI
MKE,3.875105,MCI
RDU,1.811159,STT
ATL,2.173025,STT
SJU,2.857733,STT
CLT,4.225441,STT
EWR,4.607228,STT
MIA,5.646228,STT
LGA,6.067416,STT
JFK,7.393563,STT
BOS,10.054885,STT
STX,11.635465,STT
CLE,0.283675,PWM
ALB,1.466442,PWM
BDL,1.998110,PWM
BTV,2.921569,PWM
MCO,3.227743,PWM
CVG,3.361612,PWM
BGR,3.814676,PWM
BWI,4.638075,PWM
MHT,4.788264,PWM
BOS,5.020307,PWM
IAH,3.506361,EGE
IAD,5.352941,EGE
PHX,6.603922,EGE
DEN,6.628501,EGE
CVG,8.796296,EGE
ATL,10.168277,EGE
DFW,11.129878,EGE
LAX,13.148987,EGE
MSP,13.740458,EGE
ORD,13.882234,EGE
AGS,-3.000000,CVG
SMF,3.000000,CVG
HTS,3.439370,CVG
SCE,4.509142,CVG
XNA,4.620068,CVG
SJU,4.850446,CVG
PFN,4.877419,CVG
IAH,5.138013,CVG
MSY,5.179660,CVG
ACY,5.200238,CVG
CLE,-10.000000,FWA
TVC,-3.000000,FWA
MSP,-1.320442,FWA
SBN,0.000000,FWA
DAY,1.510758,FWA
CVG,2.735720,FWA
PIT,2.761198,FWA
IND,3.000000,FWA
CMH,3.333333,FWA
DTW,3.353918,FWA
DHN,-6.000000,VPS
AUS,-0.666667,VPS
XNA,0.000000,VPS
MEM,1.531160,VPS
IAH,3.501934,VPS
CVG,7.737885,VPS
DFW,8.811623,VPS
ATL,11.881577,VPS
ORD,21.828909,VPS
LGA,27.250000,VPS
DAY,2.798851,PHX
FSD,2.820225,PHX
CVG,2.978340,PHX
GCN,3.420881,PHX
SUX,3.885587,PHX
FLG,3.957506,PHX
TEX,4.084685,PHX
PIT,4.995819,PHX
PUB,5.006235,PHX
CLE,5.123782,PHX
JAN,-5.000000,HTS
CVG,0.668353,HTS
ROA,0.800000,HTS
CRW,4.126667,HTS
CLT,4.147440,HTS
PIT,5.575626,HTS
ATL,5.904494,HTS
SDF,6.125000,HTS
AGS,12.000000,HTS
MCN,102.000000,HTS
DFW,-0.268293,TOL
SBN,0.000000,TOL
DAY,2.345977,TOL
CVG,2.614252,TOL
STL,2.827856,TOL
PIT,3.212859,TOL
FWA,6.738503,TOL
ORD,7.058167,TOL
ATL,7.843383,TOL
AZO,20.000000,TOL
CLE,-0.857143,ABQ
AUS,1.853219,ABQ
IAH,2.285120,ABQ
SMF,3.173056,ABQ
ONT,3.752212,ABQ
SNA,4.000000,ABQ
SAT,4.491062,ABQ
COS,4.491244,ABQ
SLC,4.700262,ABQ
DFW,4.731398,ABQ
CLE,-3.815204,ABE
IND,-1.000000,ABE
BDL,0.000000,ABE
DCA,0.383598,ABE
CLT,1.228503,ABE
IAD,2.168806,ABE
DTW,2.673704,ABE
RDU,3.000000,ABE
PIT,3.019098,ABE
CVG,3.195371,ABE
DEN,-2.645390,PBI
JAX,-0.068182,PBI
AUS,0.000000,PBI
TLH,0.445652,PBI
SRQ,1.351741,PBI
IAH,2.013051,PBI
GSO,2.815385,PBI
CLE,2.845666,PBI
MSP,2.961538,PBI
RDU,3.133379,PBI
BNA,0.573493,GSO
RDU,0.737772,GSO
RIC,0.946325,GSO
PBI,1.969466,GSO
DTW,2.496689,GSO
MYR,2.830769,GSO
RSW,3.649351,GSO
CAE,3.801623,GSO
IAH,3.960513,GSO
PIT,4.562987,GSO
SHV,-5.000000,JAX
RSW,-4.000000,JAX
BTR,0.000000,JAX
MCO,1.427803,JAX
BHM,1.664777,JAX
LAS,2.051724,JAX
AUS,2.368816,JAX
CHS,3.016646,JAX
RDU,3.053064,JAX
DAB,3.444261,JAX
LWB,0.333333,PIT
MSN,3.865927,PIT
DSM,4.455943,PIT
DTW,4.724670,PIT
TTN,4.950445,PIT
AZO,5.008696,PIT
CVG,5.090694,PIT
ACY,5.106775,PIT
CMI,5.353147,PIT
ORH,5.366679,PIT
LEX,-2.000000,AVL
TRI,0.000000,AVL
IAH,1.072106,AVL
MCO,2.934783,AVL
CLT,3.088871,AVL
MSP,3.592308,AVL
LGA,5.000000,AVL
BWI,5.438658,AVL
CVG,5.636735,AVL
DTW,8.275076,AVL
SDF,-16.000000,LAX
LAX,-2.000000,LAX
BZN,-0.727273,LAX
MAF,0.000000,LAX
MFE,1.177515,LAX
IYK,1.269825,LAX
MEM,1.867979,LAX
PIE,1.926209,LAX
SNA,2.094492,LAX
SBA,2.274213,LAX
PUB,0.926435,COS
ICT,2.442357,COS
SLC,2.484905,COS
SAN,2.541314,COS
IAH,2.550542,COS
STL,3.337870,COS
MSP,3.985757,COS
DFW,4.708551,COS
DEN,4.811284,COS
MCI,5.198488,COS
RIC,-7.416667,RSW
CAE,-1.000000,RSW
EYW,0.000000,RSW
HOU,0.428571,RSW
MKE,1.359133,RSW
TPA,1.420887,RSW
IAH,1.535381,RSW
PBI,2.039506,RSW
RDU,2.370113,RSW
DAY,2.488095,RSW
CLT,-12.000000,SHV
LIT,-1.300000,SHV
AUS,0.000000,SHV
JAN,1.674053,SHV
TUL,2.000000,SHV
BTR,3.022573,SHV
MEM,3.502167,SHV
IAH,3.699244,SHV
CVG,4.602473,SHV
DFW,4.803644,SHV
JAN,-2.500000,HSV
LIT,-0.638446,HSV
STL,0.000000,HSV
BNA,0.529698,HSV
BHM,1.200739,HSV
LGA,1.381944,HSV
CLT,1.872859,HSV
AUS,2.666667,HSV
IAH,2.851417,HSV
MCI,3.000000,HSV
ISP,-14.000000,BUF
RDU,1.248556,BUF
DTW,1.849869,BUF
FLL,3.066129,BUF
BDL,3.636005,BUF
ROC,4.069309,BUF
ALB,4.070831,BUF
MSP,4.322054,BUF
DCA,5.010336,BUF
CVG,5.051952,BUF
ATW,-150.000000,IAD
TLH,0.000000,IAD
PHF,0.685540,IAD
STL,2.782767,IAD
SCE,3.634881,IAD
ABE,3.801864,IAD
BWI,4.227753,IAD
MLB,4.406040,IAD
SLC,4.636475,IAD
MSP,4.767676,IAD
MCN,0.000000,PHL
MEM,3.545045,PHL
CAK,4.466887,PHL
SLC,5.680749,PHL
ORH,5.721319,PHL
CLE,5.958553,PHL
SAT,6.222707,PHL
TYS,6.333333,PHL
MLB,6.481481,PHL
CVG,6.529499,PHL
CLE,-1.635294,SBN
PHX,0.000000,SBN
AZO,0.625000,SBN
PIT,2.899059,SBN
CVG,3.688986,SBN
DTW,4.006940,SBN
DAY,5.079151,SBN
EWR,9.500000,SBN
MSP,15.283784,SBN
ORD,16.069901,SBN
EUG,-13.000000,ORD
MLB,0.000000,ORD
GTF,0.826087,ORD
SBA,3.840336,ORD
TWF,5.733333,ORD
DAL,6.221516,ORD
STT,6.540909,ORD
MSO,7.333333,ORD
HVN,7.594489,ORD
HOU,7.737113,ORD
SLC,-5.333333,SGF
MCI,0.000000,SGF
CVG,2.162263,SGF
ICT,3.251012,SGF
STL,3.677545,SGF
DEN,5.723338,SGF
DTW,6.507837,SGF
MEM,6.815421,SGF
DFW,8.308702,SGF
LIT,8.580829,SGF
YAK,0.000000,ANC
DTW,1.113039,ANC
MSP,5.087820,ANC
SLC,5.603033,ANC
ADK,6.220588,ANC
EWR,6.333333,ANC
CVG,6.661355,ANC
OME,6.931144,ANC
SEA,7.054678,ANC
DEN,7.549096,ANC
GPT,-15.000000,MGM
BHM,-15.000000,MGM
JAN,-5.000000,MGM
PFN,-1.611842,MGM
CLT,1.450060,MGM
MEM,4.525259,MGM
SHV,5.000000,MGM
IAH,5.104569,MGM
MLU,6.222175,MGM
DFW,7.056595,MGM
PIE,-6.500000,FLL
GSP,0.000000,FLL
LGB,1.465228,FLL
MKE,1.639535,FLL
OAK,2.611664,FLL
CLE,3.073788,FLL
BNA,3.226492,FLL
GPT,3.597246,FLL
IAH,3.678462,FLL
RDU,3.706850,FLL
SHV,-10.000000,PNS
AUS,-5.000000,PNS
JAN,-3.377682,PNS
SAT,-3.000000,PNS
FLL,-0.615385,PNS
GPT,0.000000,PNS
MSY,0.555649,PNS
RDU,0.565022,PNS
BNA,1.079066,PNS
JAX,3.033496,PNS
MDW,-4.603175,ICT
SLC,-1.635204,ICT
SEA,-0.752381,ICT
MCO,-0.201923,ICT
DAY,0.000000,ICT
MEM,0.013066,ICT
IAH,2.355714,ICT
LAX,2.488565,ICT
OMA,2.500000,ICT
DTW,3.192090,ICT
TYS,-14.400000,CHA
SDF,-8.000000,CHA
TOL,0.000000,CHA
BNA,0.653810,CHA
BHM,1.375000,CHA
MEM,1.474691,CHA
CLT,1.693382,CHA
DTW,2.845070,CHA
IAH,2.960953,CHA
CVG,3.722559,CHA
EYW,0.000000,SRQ
TPA,0.674123,SRQ
IAH,1.460621,SRQ
MEM,1.687500,SRQ
FLL,2.000000,SRQ
BNA,2.068862,SRQ
MCO,2.313877,SRQ
RDU,2.447590,SRQ
MDW,2.777999,SRQ
RSW,3.351498,SRQ
FLO,0.000000,ILM
RDU,0.497854,ILM
CLT,2.675435,ILM
BWI,3.742194,ILM
GSO,3.895908,ILM
ORF,7.400000,ILM
CVG,7.694527,ILM
PHL,8.512545,ILM
ATL,12.966081,ILM
MCN,23.000000,ILM
ICT,0.000000,CID
MLI,0.664066,CID
CVG,2.367381,CID
DSM,2.475521,CID
MSP,2.527126,CID
SUX,2.570780,CID
STL,3.187021,CID
OMA,3.997024,CID
PIA,4.563758,CID
FSD,5.142857,CID
SLC,-0.108366,ELP
ONT,1.577406,ELP
IAH,2.278627,ELP
DEN,3.853372,ELP
DFW,4.417081,ELP
STL,5.111450,ELP
ABQ,5.131787,ELP
ATL,5.516379,ELP
LAS,5.803864,ELP
MAF,5.847740,ELP
LFT,-1.083333,DCA
LIT,0.000000,DCA
MYR,0.875000,DCA
HOU,1.350617,DCA
BHM,1.680556,DCA
MKE,2.104859,DCA
LGA,2.329048,DCA
MDW,2.845117,DCA
CLE,3.147725,DCA
LAX,3.225193,DCA
PWM,-2.429577,MHT
MDT,0.000000,MHT
CLE,0.564370,MHT
CLT,1.607441,MHT
FLL,1.804444,MHT
DTW,2.999608,MHT
ALB,3.041667,MHT
MSP,3.323166,MHT
DCA,3.490682,MHT
LAS,4.239617,MHT
ABY,-6.000000,MCN
EYW,-2.000000,MCN
CHS,0.000000,MCN
DFW,0.000000,MCN
FWA,0.000000,MCN
VLD,1.000000,MCN
BQK,1.000000,MCN
ATL,12.669631,MCN
VPS,60.000000,MCN
PSP,0.000000,SBA
LGB,0.109420,SBA
ONT,0.880419,SBA
SJC,1.370783,SBA
BUR,1.628866,SBA
LAX,1.995375,SBA
SLC,2.754496,SBA
PHX,4.266236,SBA
DEN,4.829616,SBA
BFL,4.983200,SBA
MLB,1.161473,BWI
DAB,1.508475,BWI
SRQ,1.550026,BWI
IAD,1.797203,BWI
UCA,3.325903,BWI
CHO,3.744928,BWI
BGM,3.795134,BWI
DCA,3.970642,BWI
GSP,4.192835,BWI
SJU,4.203397,BWI
LAX,0.000000,MAF
ELP,3.000914,MAF
AMA,3.036122,MAF
IAH,4.016497,MAF
PHX,4.048365,MAF
AUS,4.418121,MAF
LBB,5.129588,MAF
DFW,5.575827,MAF
HOU,5.788040,MAF
DAL,5.903917,MAF
ABI,-180.000000,OAK
CPR,-1.000000,OAK
PIT,-1.000000,OAK
OKC,0.000000,OAK
LBB,0.333333,OAK
FLL,1.148571,OAK
AUS,2.022857,OAK
MSP,2.221053,OAK
PSP,2.254372,OAK
LGB,2.812633,OAK
SBP,0.000000,MRY
LAS,1.069277,MRY
SLC,1.763273,MRY
DEN,2.528007,MRY
PHX,2.778038,MRY
LAX,3.140379,MRY
ONT,3.858015,MRY
LGB,4.789869,MRY
SAN,8.718715,MRY
SFO,10.295860,MRY
SMF,0.000000,MFR
EUG,3.229415,MFR
SLC,3.348791,MFR
RDM,3.402344,MFR
PDX,3.559069,MFR
LAS,3.966276,MFR
PHX,4.106280,MFR
DEN,6.577679,MFR
LAX,8.614699,MFR
SFO,12.634151,MFR
ABI,-2.000000,IND
JAN,-2.000000,IND
LIT,0.000000,IND
ABE,1.000000,IND
OMA,1.105485,IND
MEM,1.128562,IND
CAK,1.903670,IND
BNA,1.977583,IND
CLE,2.260753,IND
AUS,2.358491,IND
FLL,-36.000000,ONT
GTF,-14.000000,ONT
IAD,-9.846154,ONT
BOS,-6.777778,ONT
RNO,-0.853293,ONT
LBB,0.000000,ONT
PVU,0.000000,ONT
IAH,1.909315,ONT
BUR,2.074794,ONT
MRY,2.775229,ONT
PBI,-2.254545,MLB
TXK,0.000000,MLB
BWI,0.126761,MLB
TPA,0.686610,MLB
RSW,0.767580,MLB
RDU,1.055940,MLB
MCO,1.097744,MLB
JAX,1.595533,MLB
DFW,1.782609,MLB
PHL,2.250000,MLB
AEX,-59.000000,TYS
DCA,-7.500000,TYS
GSO,0.000000,TYS
CRW,0.000000,TYS
DEN,1.694420,TYS
CLT,2.317674,TYS
MEM,2.344429,TYS
IAD,2.509829,TYS
PIT,2.731648,TYS
BNA,3.049841,TYS
SAV,-5.000000,ORF
ALB,0.000000,ORF
PHF,0.000000,ORF
FAY,0.325000,ORF
BNA,0.848943,ORF
CLE,0.883131,ORF
DCA,2.658120,ORF
MEM,3.282468,ORF
RDU,3.440131,ORF
STL,3.582521,ORF
EUG,0.000000,SEA
PSC,2.594943,SEA
CVG,3.789409,SEA
MEM,4.210309,SEA
CLE,5.154082,SEA
SNA,5.195117,SEA
BLI,5.199197,SEA
YKM,5.379648,SEA
LIH,5.481081,SEA
DTW,5.650895,SEA
MGM,0.143791,PFN
MCO,1.663043,PFN
DFW,2.130864,PFN
MEM,4.030207,PFN
CVG,4.400000,PFN
TLH,7.500000,PFN
ATL,12.303017,PFN
CSG,15.000000,PFN
VPS,15.000000,PFN
AUS,18.000000,PFN
DTW,-0.141463,CRW
CLE,-0.051429,CRW
CHO,0.000000,CRW
GSP,0.000000,CRW
IAD,2.436968,CRW
CVG,3.134252,CRW
IAH,4.677583,CRW
CLT,4.678974,CRW
BNA,5.000000,CRW
LGA,5.064403,CRW
OKC,-10.000000,LEX
SHV,0.000000,LEX
MCN,0.000000,LEX
TPA,0.058824,LEX
MEM,0.441026,LEX
HTS,0.625000,LEX
TRI,1.568493,LEX
STL,1.653479,LEX
LGA,1.793208,LEX
DCA,2.077121,LEX
BIL,-1.929293,HLN
DEN,-0.646048,HLN
SLC,1.799888,HLN
GTF,2.230047,HLN
FCA,8.235210,HLN
MSP,9.910321,HLN
BTM,39.681319,HLN
BZN,165.000000,HLN
MSO,165.666667,HLN
FLO,-7.500000,MYR
CAE,-4.333333,MYR
CLE,-3.376068,MYR
SAV,0.000000,MYR
ILM,0.000000,MYR
RDU,0.235750,MYR
DAY,0.560000,MYR
CLT,2.235540,MYR
DTW,2.275150,MYR
DCA,3.375000,MYR
TPA,-1.982379,PHF
CHO,0.000000,PHF
JFK,0.000000,PHF
IAD,0.718237,PHF
MCO,1.691686,PHF
CLT,1.921918,PHF
FLL,2.656433,PHF
PIT,4.238119,PHF
BOS,6.797968,PHF
CVG,7.256962,PHF
ROC,0.000000,ROA
BNA,0.000000,ROA
RIC,1.643349,ROA
CHO,1.894207,ROA
CVG,2.802842,ROA
BWI,4.059773,ROA
PIT,4.077249,ROA
CLT,4.328398,ROA
CRW,4.448980,ROA
DTW,4.829932,ROA
DSM,0.000000,LNK
CID,0.000000,LNK
LAS,1.903670,LNK
ICT,3.451372,LNK
FSD,4.092060,LNK
STL,4.306738,LNK
DEN,5.019248,LNK
DTW,5.126246,LNK
SUX,5.449786,LNK
MSP,5.905077,LNK
FCA,-2.788655,GTF
MSO,-1.599206,GTF
DEN,0.698079,GTF
MSP,0.755841,GTF
BIL,1.080914,GTF
HLN,4.427699,GTF
ORD,5.173913,GTF
BZN,6.393162,GTF
SLC,8.011156,GTF
SFO,-3.583333,MSO
GTF,2.481849,MSO
DEN,3.033012,MSO
SLC,3.670097,MSO
MSP,4.202576,MSO
BZN,5.043101,MSO
BIL,7.146444,MSO
FCA,9.896755,MSO
ORD,23.684444,MSO
CVG,-10.000000,AGS
CLE,-8.571429,AGS
CHA,0.000000,AGS
CHS,0.000000,AGS
CLT,2.675563,AGS
IAH,5.200438,AGS
SAV,7.318360,AGS
ATL,8.081908,AGS
CAE,8.682529,AGS
LGA,14.285714,AGS
ILE,-5.000000,AEX
AUS,-5.000000,AEX
LFT,0.000000,AEX
MSY,0.000000,AEX
HOU,0.000000,AEX
BTR,0.000000,AEX
JAN,0.000000,AEX
ABI,0.000000,AEX
IAH,0.981645,AEX
MLU,2.000000,AEX
AUS,1.380328,CRP
SAT,1.805195,CRP
IAH,3.366396,CRP
DFW,5.436966,CRP
MFE,5.666667,CRP
HOU,6.375776,CRP
BRO,13.500000,CRP
HRL,14.285714,CRP
ATL,15.165793,CRP
LEX,0.000000,EVV
STL,0.000000,EVV
BNA,0.357143,EVV
SDF,2.034722,EVV
IND,2.091221,EVV
MDW,2.338552,EVV
MEM,2.381858,EVV
CVG,2.418644,EVV
DTW,3.904802,EVV
PIT,4.215285,EVV
YKM,-1.759804,PSC
BOI,1.091246,PSC
DEN,2.185309,PSC
SLC,2.663172,PSC
SFO,3.657005,PSC
SEA,4.180270,PSC
GEG,4.427271,PSC
PDX,8.862823,PSC
MFR,158.000000,PSC
IAH,-0.873239,GUC
BNA,0.000000,GUC
DEN,5.962056,GUC
EWR,7.250000,GUC
ORD,9.625000,GUC
DFW,10.332024,GUC
ATL,10.964739,GUC
SLC,16.214286,GUC
HDN,982.000000,GUC
SJC,-0.152727,EUG
PDX,-0.036213,EUG
PHX,0.844791,EUG
SLC,2.129372,EUG
MFR,5.413333,EUG
DEN,6.031544,EUG
LAX,6.042614,EUG
LAS,8.279635,EUG
SFO,12.478930,EUG
BWI,0.000000,ACY
BOS,1.139535,ACY
CVG,1.594982,ACY
PIT,3.635864,ACY
MCO,8.461538,ACY
ATL,21.978723,ACY
LGA,52.409091,ACY
JFK,64.833333,ACY
MYR,222.000000,ACY
DAB,-13.000000,GNV
EYW,-3.000000,GNV
CHA,0.000000,GNV
CLT,4.634274,GNV
MIA,4.951618,GNV
ATL,9.116598,GNV
TLH,10.875000,GNV
MCN,22.000000,GNV
RSW,52.000000,GNV
AVL,0.000000,TRI
LEX,0.000000,TRI
TYS,2.273333,TRI
PIT,2.680947,TRI
CLT,2.800609,TRI
MEM,4.104962,TRI
CVG,4.342562,TRI
ATL,13.844820,TRI
MCO,16.260870,TRI
LSE,-5.973629,RST
MDW,-4.000000,RST
MSP,0.450880,RST
FAR,3.000000,RST
ALO,3.056604,RST
DFW,4.996154,RST
ORD,6.185366,RST
DTW,7.744136,RST
CPR,-0.234507,RAP
SUX,-0.121739,RAP
SLC,1.017046,RAP
MSP,2.066320,RAP
FSD,2.609283,RAP
DEN,3.983733,RAP
ORD,21.140496,RAP
BIS,208.333333,RAP
PIT,1.107826,CMI
CVG,1.902128,CMI
DAY,2.928049,CMI
PIA,3.412568,CMI
STL,3.841727,CMI
DFW,5.978074,CMI
ATL,6.665138,CMI
ORD,8.163504,CMI
KTN,7.343921,JNU
FAI,10.052205,JNU
SIT,10.365454,JNU
GST,10.388188,JNU
SEA,10.885130,JNU
ANC,11.247421,JNU
YAK,13.373530,JNU
PSG,14.658016,JNU
JNU,2.298675,FAI
ANC,5.358942,FAI
MSP,5.394168,FAI
SEA,5.427326,FAI
SLC,6.775701,FAI
SCC,7.509390,FAI
BRW,8.321871,FAI
OME,9.000000,FAI
MCO,-10.000000,MFE
LAX,-1.668639,MFE
AUS,-0.646907,MFE
PHX,0.000000,MFE
DFW,4.193640,MFE
IAH,4.655730,MFE
HRL,13.000000,MFE
ATL,16.783961,MFE
MGM,-10.000000,MEI
CSG,-9.000000,MEI
PNS,3.000000,MEI
AEX,3.750000,MEI
LFT,11.322674,MEI
ATL,12.152662,MEI
CHA,20.000000,MEI
MFE,-2.000000,HRL
DAL,1.694737,HRL
IAH,2.764816,HRL
DFW,4.425159,HRL
AUS,4.996230,HRL
HOU,7.065349,HRL
SAT,7.795439,HRL
PHL,2.320826,ORH
BWI,3.406636,ORH
DTW,4.115081,ORH
PIT,4.530011,ORH
ORD,5.931535,ORH
EWR,8.323596,ORH
JFK,10.075697,ORH
SLC,1.143101,RDM
PDX,1.596618,RDM
MFR,3.936330,RDM
DEN,7.016949,RDM
LAX,12.741379,RDM
SFO,14.704417,RDM
SEA,16.323529,RDM
CPR,-1.282828,BIS
SLC,0.071569,BIS
MOT,0.912862,BIS
MSP,1.981172,BIS
DEN,3.380740,BIS
FSD,8.032279,BIS
FAR,66.333333,BIS
ATL,8.666667,ASE
DEN,9.668088,ASE
SLC,11.565472,ASE
PHX,15.926471,ASE
LAX,16.753108,ASE
SFO,39.661972,ASE
ORD,48.986408,ASE
SLC,0.735804,DRO
IAH,4.179775,DRO
PHX,4.485383,DRO
GJT,5.341259,DRO
DEN,5.547956,DRO
DFW,6.847166,DRO
ABQ,23.000000,DRO
DFW,1.367893,IDA
DEN,1.546592,IDA
SLC,2.372149,IDA
MSP,12.342237,IDA
ORD,30.714801,IDA
JAC,99.200000,IDA
BZN,138.000000,IDA
ELM,0.920721,ITH
MDT,1.034483,ITH
SYR,1.764128,ITH
PIT,2.029728,ITH
BGM,2.080808,ITH
ERI,2.795602,ITH
DTW,5.638889,ITH
SLC,2.194611,SBP
LAX,3.086434,SBP
PHX,3.277759,SBP
SJC,5.374233,SBP
SFO,11.882093,SBP
LAS,15.416370,SBP
MFR,48.000000,SBP
CAE,0.000000,FAY
GSO,1.397987,FAY
CLT,2.119315,FAY
BWI,3.361492,FAY
ORF,5.020761,FAY
ATL,13.803343,FAY
MCN,40.000000,FAY
SFO,10.393711,RDD
ACV,51.142857,RDD
SMF,98.500000,RDD
CEC,112.000000,RDD
CIC,115.000000,RDD
MFR,179.000000,RDD
BGM,-1.281392,ELM
AVP,-1.200000,ELM
ITH,1.509211,ELM
SYR,1.906632,ELM
PIT,3.764957,ELM
DTW,4.539421,ELM
MLI,-3.000000,CWA
ATW,0.507937,CWA
MKE,0.833579,CWA
MSP,2.130041,CWA
DTW,7.574833,CWA
ORD,16.411911,CWA
ORD,2.496183,CPR
RAP,3.245000,CPR
SLC,3.309459,CPR
BIS,3.469595,CPR
DEN,5.427976,CPR
MSP,8.873016,CPR
LAX,0.692308,TWF
ORD,3.062500,TWF
SLC,3.826187,TWF
SUN,87.000000,TWF
EKO,124.500000,TWF
BOI,186.428571,TWF
GRR,0.117647,MBS
DTW,0.900533,MBS
MSP,1.034330,MBS
CLE,2.525843,MBS
PIT,2.776119,MBS
ORD,9.515077,MBS
CVG,1.144493,ERI
CLE,2.038627,ERI
ITH,2.558901,ERI
DTW,4.477731,ERI
PIT,4.613549,ERI
ATL,15.128799,ERI
FLL,-0.439560,EYW
MIA,4.171132,EYW
MCO,8.348485,EYW
MCN,15.000000,EYW
ATL,19.600415,EYW
SRQ,35.000000,EYW
SLC,0.634328,ACV
SMF,3.761122,ACV
CEC,3.831611,ACV
SFO,13.914350,ACV
RDD,64.000000,ACV
MFR,144.750000,ACV
MIA,-1.951456,PSE
JFK,1.213710,PSE
EWR,2.924731,PSE
MCO,5.222000,PSE
FLL,6.373737,PSE
LGA,-5.000000,TTN
PIT,2.528231,TTN
BOS,9.909231,TTN
ATL,11.201220,TTN
JFK,15.000000,TTN
RDU,-0.630952,LWB
CLT,1.038462,LWB
LGA,2.793785,LWB
PIT,3.000000,LWB
ATL,10.435337,LWB
SEA,0.556213,YKM
PSC,1.118357,YKM
SLC,5.009409,YKM
SJC,25.000000,YKM
SFO,35.000000,YKM
ROA,0.250000,LYH
CLT,3.226510,LYH
ATL,6.861137,LYH
CHO,8.638381,LYH
BWI,13.448276,LYH
TVC,5.285564,MQT
GRB,6.698113,MQT
MSN,8.245283,MQT
ORD,9.761041,MQT
MKE,14.051370,MQT
DFW,1.336382,ACT
IAH,4.677935,ACT
ILE,110.000000,ACT
TYR,155.000000,ACT
SJT,204.000000,ACT
PHX,4.273542,YUM
LAX,4.667315,YUM
IPL,5.268937,YUM
SLC,5.690323,YUM
LAS,9.675949,YUM
MCN,0.000000,VLD
GNV,0.000000,VLD
ATL,11.621539,VLD
BWI,2.160237,ISO
CLT,3.567397,ISO
ILM,10.000000,ISO
ATL,13.142128,ISO
SIT,7.039103,KTN
JNU,7.435234,KTN
SEA,8.113000,KTN
WRG,11.236969,KTN
SLC,0.979167,BTM
HLN,2.613636,BTM
BZN,2.673839,BTM
MSO,141.000000,BTM
IAD,0.290035,SCE
CVG,0.578422,SCE
DTW,9.109195,SCE
ATL,15.539683,SCE
JFK,0.979282,BQN
MIA,1.082464,BQN
EWR,6.752674,BQN
MCO,8.586341,BQN
STL,-4.000000,LSE
EAU,-2.535354,LSE
MSP,1.226305,LSE
ORD,8.050601,LSE
IND,3.480298,DET
MDW,6.392717,DET
STL,9.480494,DET
BNA,11.594650,DET
PIT,3.645991,UCA
BWI,3.747104,UCA
SYR,4.251372,UCA
EWR,13.966667,UCA
KOA,-3.908565,ITO
OGG,-2.523855,ITO
HNL,-1.742798,ITO
OAK,-0.725000,ITO
LAS,1.520000,BMI
MCO,5.663075,BMI
ATL,10.662173,BMI
ORD,11.824257,BMI
DFW,3.598499,GTR
AEX,9.448020,GTR
ATL,12.470665,GTR
MEI,35.000000,GTR
DEN,-1.421053,PUB
COS,0.862565,PUB
LAS,2.236364,PUB
PHX,2.639191,PUB
ANI,4.674419,BET
ADQ,6.023810,BET
KSM,6.177885,BET
ANC,9.959117,BET
AEX,0.000000,TYR
DFW,1.411835,TYR
IAH,4.351581,TYR
TXK,73.000000,TYR
SBA,0.000000,SGU
CDC,0.582677,SGU
SLC,2.633610,SGU
LAX,3.751437,SGU
LAX,0.000000,PMD
LAS,2.157840,PMD
PHX,6.837748,PMD
SFO,11.122047,PMD
OTZ,7.803208,OME
ANC,10.805913,OME
FAI,20.000000,OME
DFW,2.147564,CLL
IAH,2.833967,CLL
ILE,165.000000,CLL
LAX,2.746202,SCK
FAT,3.045455,SCK
DEN,11.834783,SCK
SAN,-0.738519,IPL
YUM,1.678068,IPL
LAX,5.274699,IPL
LGA,7.300000,ACK
EWR,24.212216,ACK
JFK,40.827893,ACK
SLC,0.514010,PIH
TWF,115.000000,PIH
IDA,130.000000,PIH
PHX,3.078582,GCN
FLG,3.805946,GCN
LAS,3.941076,GCN
MCN,-2.000000,ABY
VLD,0.000000,ABY
ATL,9.930758,ABY
MSP,3.359164,DLH
DTW,7.448423,DLH
ORD,7.597910,DLH
ANC,3.333333,YAK
JNU,5.517251,YAK
CDV,10.625184,YAK
HPN,4.590457,HVN
CVG,5.683718,HVN
ORD,8.265063,HVN
ANC,8.573075,BRW
SCC,9.277295,BRW
FAI,10.788969,BRW
CLT,3.143190,OAJ
BWI,3.854167,OAJ
ATL,12.783902,OAJ
MEM,1.735669,FSM
DFW,3.944865,FSM
ATL,12.167224,FSM
PHX,3.931579,FLG
GCN,4.920840,FLG
LAS,8.312500,FLG
LAX,0.555556,SUN
SLC,1.142815,SUN
BOI,17.465116,SUN
RNO,-4.000000,TVL
SJC,2.505618,TVL
SFO,10.914847,TVL
MKE,-4.476744,MKG
FNT,12.379630,MKG
GRR,38.375000,MKG
DEN,-1.000000,MOT
BIS,0.586667,MOT
MSP,1.562811,MOT
TPA,2.696272,APF
MIA,4.105263,APF
ATL,11.248662,APF
ROP,-1.225479,GUM
SPN,1.809083,GUM
HNL,6.721689,GUM
JNU,6.964826,SIT
SEA,8.757555,SIT
KTN,10.324780,SIT
IAH,2.330286,BPT
DFW,2.718773,BPT
ATL,9.021505,BPT
DFW,1.981716,TXK
IAH,2.445706,TXK
TYR,202.500000,TXK
FAI,4.666283,SCC
ANC,7.191988,SCC
BRW,10.339822,SCC
DFW,6.198749,GRK
IAH,6.845563,GRK
ATL,17.037037,GRK
AKN,7.371728,DLG
ANC,11.504788,DLG
ADQ,20.250000,DLG
SMF,2.018868,CEC
ACV,5.409934,CEC
SFO,25.063988,CEC
GSP,-6.000000,FLO
ATL,10.005227,FLO
AGS,20.000000,FLO
DEN,-0.620209,COD
SLC,2.437710,COD
CPR,162.000000,COD
SLC,3.346298,CDC
SGU,7.473282,CDC
LAX,50.500000,CDC
DFW,0.198821,ILE
IAH,8.964831,ILE
GRK,15.000000,ILE
RST,4.307692,ALO
MSP,6.195304,ALO
STL,7.250000,ALO
DLG,8.016349,AKN
ANC,10.160050,AKN
ADK,14.725641,AKN
SIT,9.106524,PSG
WRG,11.169280,PSG
JNU,13.930927,PSG
CVG,9.166667,CKB
PIT,20.000000,CKB
LEX,130.000000,CKB
LAX,0.000000,ABI
DFW,3.868980,ABI
IAH,5.570802,ABI
DFW,1.958168,LAW
ATL,5.409611,LAW
SLC,-2.759036,RKS
DEN,2.569007,RKS
PHX,1.164802,CLD
LAX,3.924659,CLD
ANC,4.167883,ADK
AKN,27.181572,ADK
LAX,5.976962,MOD
SFO,11.534703,MOD
SLC,1.504859,EKO
RNO,6.385317,EKO
OGG,-9.666667,LNY
MKK,-4.579545,LNY
LSE,1.000000,DBQ
ORD,5.741987,DBQ
LSE,-12.386233,EAU
MSP,2.049257,EAU
SLC,1.317185,BLI
SEA,4.601367,BLI
FAT,0.072738,VIS
LAX,0.895425,VIS
SLC,-3.627219,GCC
DEN,10.367491,GCC
JAX,32.000000,PIR
MSP,59.000000,PIR
DFW,1.697096,SJT
IAH,4.909846,SJT
VPS,0.000000,DHN
ATL,11.576429,DHN
IAH,0.856320,LRD
DFW,7.507784,LRD
DCA,-5.000000,PLN
DTW,5.898922,PLN
LAX,2.254452,SMX
SFO,68.000000,SMX
ANC,7.690870,OTZ
OME,11.186578,OTZ
PDX,7.307692,LMT
SFO,11.224670,LMT
KTN,8.392889,WRG
PSG,10.063791,WRG
SFO,10.121965,CIC
SMF,122.000000,CIC
YAK,7.197788,CDV
ANC,8.905212,CDV
PDX,13.538462,OTH
SFO,14.139130,OTH
ANC,9.052532,ADQ
BET,13.500000,ADQ
ANC,1.883178,ANI
KSM,7.936508,ANI
LAX,-0.453849,IYK
ONT,0.000000,IYK
ORD,15.699136,SPI
IAD,25.795148,SPI
IAH,2.348048,VCT
ILE,160.000000,VCT
LNY,-7.000000,MKK
OGG,-2.935849,MKK
ANC,6.233083,KSM
GUM,2.436639,SPN
SLC,-0.881132,WYS
MSP,13.512448,CMX
DFW,2.606926,SPS
MSP,5.368984,BJI
DFW,8.591494,ROW
LAX,2.638715,CCR
MSP,6.168539,INL
ATL,15.968254,MTH
ATL,8.609952,TUP
ATL,9.055734,BQK
MKE,8.000000,MKC
ATL,14.812414,ILG
DFW,0.852753,GGG
JNU,7.572732,GST
DEN,1.700910,RFD
MSP,2.157488,GFK
SLC,0.914788,LWS
IAH,2.944968,BRO
MSP,6.258242,RHI
ATL,6.974713,CSG
SJU,4.307143,MAZ
ANC,14.652297,DUT
IAH,3.222440,LCH
ATL,8.398387,HKY
SLC,2.364880,SLE
IAH,-0.653138,EFD
MSP,-1.326087,RDR
SLC,0.000000,PVU
ATL,20.124479,HHH
GUM,-2.062945,ROP
MEM,-5.500000,GLH
PHX,10.609403,TEX
MSP,-7.136364,MIB
ATL,12.279553,EWN
ATL,25.241042,SOP
LAX,1.105205,OXR
